hostname,worker_id,start_time,stop_time,nSuccesses
andes176.olcf.ornl.gov,Worker-08c49340-199a-4794-8318-be4441197397,1666123006.0914383,1666123006.6497648,/gpfs/alpine/bif135/world-shared/species/smagellanicum/af_mod/Sphm03G126700.1/model_3_ptm_20211001_809623.pdb_/gpfs/alpine/bif135/world-shared/species/smagellanicum/af_mod/Sphm20G004700.1/model_2_ptm_20211001_120114.pdb
andes176.olcf.ornl.gov,Worker-f404d7a0-9e8c-46bd-be65-3808785c9740,1666123006.093194,1666123006.650728,/gpfs/alpine/bif135/world-shared/species/smagellanicum/af_mod/Sphm20G002800.1/model_1_ptm_20211001_113600.pdb_/gpfs/alpine/bif135/world-shared/species/smagellanicum/af_mod/Sphm20G019500.1/model_5_ptm_20211001_627857.pdb
andes176.olcf.ornl.gov,Worker-e9527562-38af-4ce5-92cf-6d914d43b5f3,1666123006.0911078,1666123006.6509917,/gpfs/alpine/bif135/world-shared/species/smagellanicum/af_mod/Sphm05G131400.1/model_2_ptm_20211001_589071.pdb_/gpfs/alpine/bif135/world-shared/species/smagellanicum/af_mod/Sphm10G037400.1/model_1_ptm_20211001_832780.pdb
andes176.olcf.ornl.gov,Worker-5172df60-aec8-4cc1-bc10-a7da36c5bb58,1666123006.0969994,1666123006.6509914,/gpfs/alpine/bif135/world-shared/species/smagellanicum/af_mod/Sphm20G004700.1/model_2_ptm_20211001_120114.pdb_/gpfs/alpine/bif135/world-shared/species/smagellanicum/af_mod/Sphm11G074700.1/model_1_ptm_20211001_981646.pdb
andes176.olcf.ornl.gov,Worker-118dc0bc-3a07-402c-92e3-d5f8191f3b4e,1666123006.0902107,1666123006.6511774,/gpfs/alpine/bif135/world-shared/species/smagellanicum/af_mod/Sphm14G085100.1/model_2_ptm_20211001_159260.pdb_/gpfs/alpine/bif135/world-shared/species/smagellanicum/af_mod/Sphm04G074300.1/model_4_ptm_20211001_211147.pdb
andes176.olcf.ornl.gov,Worker-4633ab34-59ec-48c1-a9d9-9cc71d9506fd,1666123006.0900788,1666123006.6514122,/gpfs/alpine/bif135/world-shared/species/smagellanicum/af_mod/Sphm11G034700.1/model_2_ptm_20211001_410361.pdb_/gpfs/alpine/bif135/world-shared/species/smagellanicum/af_mod/Sphm12G016500.1/model_1_ptm_20211001_114880.pdb
andes176.olcf.ornl.gov,Worker-4511f95e-0361-4365-82fe-063807afe23d,1666123006.0879283,1666123006.6543221,/gpfs/alpine/bif135/world-shared/species/smagellanicum/af_mod/Sphm03G126700.1/model_3_ptm_20211001_809623.pdb_/gpfs/alpine/bif135/world-shared/species/smagellanicum/af_mod/Sphm20G002800.1/model_1_ptm_20211001_113600.pdb
andes176.olcf.ornl.gov,Worker-646cf503-1edf-42e6-8de6-9319702f7da0,1666123006.0908358,1666123006.6570628,/gpfs/alpine/bif135/world-shared/species/smagellanicum/af_mod/Sphm20G004700.1/model_2_ptm_20211001_120114.pdb_/gpfs/alpine/bif135/world-shared/species/smagellanicum/af_mod/Sphm04G074300.1/model_4_ptm_20211001_211147.pdb
andes176.olcf.ornl.gov,Worker-4d23817a-e4ad-4e25-aef8-ac029c0fbbde,1666123006.093082,1666123006.6573312,/gpfs/alpine/bif135/world-shared/species/smagellanicum/af_mod/Sphm18G064200.1/model_5_ptm_20211001_473738.pdb_/gpfs/alpine/bif135/world-shared/species/smagellanicum/af_mod/Sphm04G074300.1/model_4_ptm_20211001_211147.pdb
andes176.olcf.ornl.gov,Worker-4ca79dfb-6f6f-45fa-afa6-c917acb61cf6,1666123006.0878565,1666123006.658816,/gpfs/alpine/bif135/world-shared/species/smagellanicum/af_mod/Sphm02G139400.1/model_2_ptm_20211001_880826.pdb_/gpfs/alpine/bif135/world-shared/species/smagellanicum/af_mod/Sphm04G008700.1/model_2_ptm_20211001_967514.pdb
andes176.olcf.ornl.gov,Worker-aec9703f-bda1-4f6b-a4f3-686ec4b2d4f0,1666123006.0924451,1666123006.6591241,/gpfs/alpine/bif135/world-shared/species/smagellanicum/af_mod/Sphm20G019500.1/model_5_ptm_20211001_627857.pdb_/gpfs/alpine/bif135/world-shared/species/smagellanicum/af_mod/Sphm05G037300.1/model_1_ptm_20211001_682319.pdb
andes176.olcf.ornl.gov,Worker-3356266b-36b5-4ac1-b5f8-92a929528ef6,1666123006.0911045,1666123006.6596832,/gpfs/alpine/bif135/world-shared/species/smagellanicum/af_mod/Sphm18G064200.1/model_5_ptm_20211001_473738.pdb_/gpfs/alpine/bif135/world-shared/species/smagellanicum/af_mod/Sphm20G019500.1/model_5_ptm_20211001_627857.pdb
andes176.olcf.ornl.gov,Worker-f97bd65a-880e-4286-a4c9-f32bffd32738,1666123006.0890222,1666123006.659882,/gpfs/alpine/bif135/world-shared/species/smagellanicum/af_mod/Sphm14G085100.1/model_2_ptm_20211001_159260.pdb_/gpfs/alpine/bif135/world-shared/species/smagellanicum/af_mod/Sphm11G034700.1/model_2_ptm_20211001_410361.pdb
andes176.olcf.ornl.gov,Worker-f1a412fa-2ba4-4dc2-8228-86e13637b89b,1666123006.0925455,1666123006.6600862,/gpfs/alpine/bif135/world-shared/species/smagellanicum/af_mod/Sphm04G074300.1/model_4_ptm_20211001_211147.pdb_/gpfs/alpine/bif135/world-shared/species/smagellanicum/af_mod/Sphm04G008700.1/model_2_ptm_20211001_967514.pdb
andes176.olcf.ornl.gov,Worker-5b54b499-2fb4-4535-970e-6ac5f5491f8b,1666123006.0886326,1666123006.6599367,/gpfs/alpine/bif135/world-shared/species/smagellanicum/af_mod/Sphm11G034700.1/model_2_ptm_20211001_410361.pdb_/gpfs/alpine/bif135/world-shared/species/smagellanicum/af_mod/Sphm04G074300.1/model_4_ptm_20211001_211147.pdb
andes176.olcf.ornl.gov,Worker-0fade233-7a7a-4289-822c-7feaec6b1e1e,1666123006.0880847,1666123006.6600416,/gpfs/alpine/bif135/world-shared/species/smagellanicum/af_mod/Sphm18G064200.1/model_5_ptm_20211001_473738.pdb_/gpfs/alpine/bif135/world-shared/species/smagellanicum/af_mod/Sphm14G085100.1/model_2_ptm_20211001_159260.pdb
andes176.olcf.ornl.gov,Worker-01fa4b84-6391-4ff1-848f-c68a37e44215,1666123006.0884495,1666123006.6603782,/gpfs/alpine/bif135/world-shared/species/smagellanicum/af_mod/Sphm04G074300.1/model_4_ptm_20211001_211147.pdb_/gpfs/alpine/bif135/world-shared/species/smagellanicum/af_mod/Sphm05G131400.1/model_2_ptm_20211001_589071.pdb
andes176.olcf.ornl.gov,Worker-728f931d-8bb6-4d1e-89ed-6a2d5e7aae3c,1666123006.0898554,1666123006.6612515,/gpfs/alpine/bif135/world-shared/species/smagellanicum/af_mod/Sphm05G037300.1/model_1_ptm_20211001_682319.pdb_/gpfs/alpine/bif135/world-shared/species/smagellanicum/af_mod/Sphm20G002800.1/model_1_ptm_20211001_113600.pdb
andes176.olcf.ornl.gov,Worker-b805c0a2-301d-4ff1-bf4a-c04954683c1d,1666123006.091533,1666123006.6612651,/gpfs/alpine/bif135/world-shared/species/smagellanicum/af_mod/Sphm03G126700.1/model_3_ptm_20211001_809623.pdb_/gpfs/alpine/bif135/world-shared/species/smagellanicum/af_mod/Sphm05G131400.1/model_2_ptm_20211001_589071.pdb
andes176.olcf.ornl.gov,Worker-12a1a8ba-f974-4af4-8434-e4b5f8c86557,1666123006.0891612,1666123006.6616862,/gpfs/alpine/bif135/world-shared/species/smagellanicum/af_mod/Sphm11G034700.1/model_2_ptm_20211001_410361.pdb_/gpfs/alpine/bif135/world-shared/species/smagellanicum/af_mod/Sphm18G064200.1/model_5_ptm_20211001_473738.pdb
andes176.olcf.ornl.gov,Worker-5407141b-db06-4131-a317-1edd467a24ad,1666123006.088284,1666123006.661842,/gpfs/alpine/bif135/world-shared/species/smagellanicum/af_mod/Sphm11G034700.1/model_2_ptm_20211001_410361.pdb_/gpfs/alpine/bif135/world-shared/species/smagellanicum/af_mod/Sphm02G139400.1/model_2_ptm_20211001_880826.pdb
andes176.olcf.ornl.gov,Worker-483dec33-2e3c-4e74-b761-de847e94db4b,1666123006.0919957,1666123006.6618724,/gpfs/alpine/bif135/world-shared/species/smagellanicum/af_mod/Sphm05G131400.1/model_2_ptm_20211001_589071.pdb_/gpfs/alpine/bif135/world-shared/species/smagellanicum/af_mod/Sphm12G016500.1/model_1_ptm_20211001_114880.pdb
andes176.olcf.ornl.gov,Worker-456111c1-acb8-489b-afc8-505b043dda29,1666123006.0904388,1666123006.6617723,/gpfs/alpine/bif135/world-shared/species/smagellanicum/af_mod/Sphm14G085100.1/model_2_ptm_20211001_159260.pdb_/gpfs/alpine/bif135/world-shared/species/smagellanicum/af_mod/Sphm18G064200.1/model_5_ptm_20211001_473738.pdb
andes176.olcf.ornl.gov,Worker-6984ebf0-d8f8-47ce-a67e-a04faa4de99e,1666123006.0936902,1666123006.6622732,/gpfs/alpine/bif135/world-shared/species/smagellanicum/af_mod/Sphm18G064200.1/model_5_ptm_20211001_473738.pdb_/gpfs/alpine/bif135/world-shared/species/smagellanicum/af_mod/Sphm11G074700.1/model_1_ptm_20211001_981646.pdb
andes176.olcf.ornl.gov,Worker-78b8800e-9f91-4cd6-b6a5-05475f5bb159,1666123006.0668027,1666123006.662512,/gpfs/alpine/bif135/world-shared/species/smagellanicum/af_mod/Sphm18G064200.1/model_5_ptm_20211001_473738.pdb_/gpfs/alpine/bif135/world-shared/species/smagellanicum/af_mod/Sphm18G064200.1/model_5_ptm_20211001_473738.pdb
andes176.olcf.ornl.gov,Worker-ab564896-9695-4a0f-920c-f124f6a3e596,1666123006.0924122,1666123006.6627882,/gpfs/alpine/bif135/world-shared/species/smagellanicum/af_mod/Sphm04G008700.1/model_2_ptm_20211001_967514.pdb_/gpfs/alpine/bif135/world-shared/species/smagellanicum/af_mod/Sphm04G008700.1/model_2_ptm_20211001_967514.pdb
andes176.olcf.ornl.gov,Worker-a5e8db90-5183-4459-a711-f53308e0fb13,1666123006.0905926,1666123006.6630652,/gpfs/alpine/bif135/world-shared/species/smagellanicum/af_mod/Sphm05G131400.1/model_2_ptm_20211001_589071.pdb_/gpfs/alpine/bif135/world-shared/species/smagellanicum/af_mod/Sphm14G085100.1/model_2_ptm_20211001_159260.pdb
andes176.olcf.ornl.gov,Worker-65051215-113e-4451-a9d0-7fb4eaa139ac,1666123006.0928302,1666123006.6635737,/gpfs/alpine/bif135/world-shared/species/smagellanicum/af_mod/Sphm10G037400.1/model_1_ptm_20211001_832780.pdb_/gpfs/alpine/bif135/world-shared/species/smagellanicum/af_mod/Sphm02G139400.1/model_2_ptm_20211001_880826.pdb
andes176.olcf.ornl.gov,Worker-2f6540fe-7ef9-427e-94e4-8fd3f0f9f901,1666123006.0919504,1666123006.6635678,/gpfs/alpine/bif135/world-shared/species/smagellanicum/af_mod/Sphm10G037400.1/model_1_ptm_20211001_832780.pdb_/gpfs/alpine/bif135/world-shared/species/smagellanicum/af_mod/Sphm07G021300.1/model_2_ptm_20211001_975803.pdb
andes176.olcf.ornl.gov,Worker-02e15f40-e795-4da2-8ec0-d803b6f9d05d,1666123006.091722,1666123006.6669304,/gpfs/alpine/bif135/world-shared/species/smagellanicum/af_mod/Sphm18G064200.1/model_5_ptm_20211001_473738.pdb_/gpfs/alpine/bif135/world-shared/species/smagellanicum/af_mod/Sphm12G016500.1/model_1_ptm_20211001_114880.pdb
andes176.olcf.ornl.gov,Worker-8f04f0fe-c94d-43d5-8975-0038f743ba83,1666123006.0896118,1666123006.6697285,/gpfs/alpine/bif135/world-shared/species/smagellanicum/af_mod/Sphm11G074700.1/model_1_ptm_20211001_981646.pdb_/gpfs/alpine/bif135/world-shared/species/smagellanicum/af_mod/Sphm04G008700.1/model_2_ptm_20211001_967514.pdb
andes176.olcf.ornl.gov,Worker-c0874b9e-520a-4180-97a2-ce4bf423585a,1666123006.0893734,1666123006.685326,/gpfs/alpine/bif135/world-shared/species/smagellanicum/af_mod/Sphm18G064200.1/model_5_ptm_20211001_473738.pdb_/gpfs/alpine/bif135/world-shared/species/smagellanicum/af_mod/Sphm05G131400.1/model_2_ptm_20211001_589071.pdb
andes176.olcf.ornl.gov,Worker-118dc0bc-3a07-402c-92e3-d5f8191f3b4e,1666123006.6522503,1666123006.7338514,/gpfs/alpine/bif135/world-shared/species/smagellanicum/af_mod/Sphm10G037400.1/model_1_ptm_20211001_832780.pdb_/gpfs/alpine/bif135/world-shared/species/smagellanicum/af_mod/Sphm05G131400.1/model_2_ptm_20211001_589071.pdb
andes176.olcf.ornl.gov,Worker-08c49340-199a-4794-8318-be4441197397,1666123006.6508732,1666123006.757864,/gpfs/alpine/bif135/world-shared/species/smagellanicum/af_mod/Sphm12G016500.1/model_1_ptm_20211001_114880.pdb_/gpfs/alpine/bif135/world-shared/species/smagellanicum/af_mod/Sphm05G131400.1/model_2_ptm_20211001_589071.pdb
andes176.olcf.ornl.gov,Worker-3356266b-36b5-4ac1-b5f8-92a929528ef6,1666123006.6608236,1666123006.764168,/gpfs/alpine/bif135/world-shared/species/smagellanicum/af_mod/Sphm03G126700.1/model_3_ptm_20211001_809623.pdb_/gpfs/alpine/bif135/world-shared/species/smagellanicum/af_mod/Sphm11G034700.1/model_2_ptm_20211001_410361.pdb
andes176.olcf.ornl.gov,Worker-aec9703f-bda1-4f6b-a4f3-686ec4b2d4f0,1666123006.660227,1666123006.7844827,/gpfs/alpine/bif135/world-shared/species/smagellanicum/af_mod/Sphm05G037300.1/model_1_ptm_20211001_682319.pdb_/gpfs/alpine/bif135/world-shared/species/smagellanicum/af_mod/Sphm04G008700.1/model_2_ptm_20211001_967514.pdb
andes176.olcf.ornl.gov,Worker-01fa4b84-6391-4ff1-848f-c68a37e44215,1666123006.6614697,1666123006.7843425,/gpfs/alpine/bif135/world-shared/species/smagellanicum/af_mod/Sphm18G064200.1/model_5_ptm_20211001_473738.pdb_/gpfs/alpine/bif135/world-shared/species/smagellanicum/af_mod/Sphm04G008700.1/model_2_ptm_20211001_967514.pdb
andes176.olcf.ornl.gov,Worker-2f6540fe-7ef9-427e-94e4-8fd3f0f9f901,1666123006.6647835,1666123006.787017,/gpfs/alpine/bif135/world-shared/species/smagellanicum/af_mod/Sphm05G037300.1/model_1_ptm_20211001_682319.pdb_/gpfs/alpine/bif135/world-shared/species/smagellanicum/af_mod/Sphm05G131400.1/model_2_ptm_20211001_589071.pdb
andes176.olcf.ornl.gov,Worker-646cf503-1edf-42e6-8de6-9319702f7da0,1666123006.6582298,1666123006.7926705,/gpfs/alpine/bif135/world-shared/species/smagellanicum/af_mod/Sphm14G085100.1/model_2_ptm_20211001_159260.pdb_/gpfs/alpine/bif135/world-shared/species/smagellanicum/af_mod/Sphm20G004700.1/model_2_ptm_20211001_120114.pdb
andes176.olcf.ornl.gov,Worker-728f931d-8bb6-4d1e-89ed-6a2d5e7aae3c,1666123006.6623352,1666123006.7966287,/gpfs/alpine/bif135/world-shared/species/smagellanicum/af_mod/Sphm18G064200.1/model_5_ptm_20211001_473738.pdb_/gpfs/alpine/bif135/world-shared/species/smagellanicum/af_mod/Sphm07G021300.1/model_2_ptm_20211001_975803.pdb
andes176.olcf.ornl.gov,Worker-78b8800e-9f91-4cd6-b6a5-05475f5bb159,1666123006.6635659,1666123006.7978947,/gpfs/alpine/bif135/world-shared/species/smagellanicum/af_mod/Sphm18G064200.1/model_5_ptm_20211001_473738.pdb_/gpfs/alpine/bif135/world-shared/species/smagellanicum/af_mod/Sphm11G034700.1/model_2_ptm_20211001_410361.pdb
andes176.olcf.ornl.gov,Worker-4ca79dfb-6f6f-45fa-afa6-c917acb61cf6,1666123006.6600196,1666123006.800791,/gpfs/alpine/bif135/world-shared/species/smagellanicum/af_mod/Sphm05G037300.1/model_1_ptm_20211001_682319.pdb_/gpfs/alpine/bif135/world-shared/species/smagellanicum/af_mod/Sphm11G034700.1/model_2_ptm_20211001_410361.pdb
andes176.olcf.ornl.gov,Worker-4d23817a-e4ad-4e25-aef8-ac029c0fbbde,1666123006.6585739,1666123006.8125813,/gpfs/alpine/bif135/world-shared/species/smagellanicum/af_mod/Sphm03G126700.1/model_3_ptm_20211001_809623.pdb_/gpfs/alpine/bif135/world-shared/species/smagellanicum/af_mod/Sphm11G074700.1/model_1_ptm_20211001_981646.pdb
andes176.olcf.ornl.gov,Worker-f97bd65a-880e-4286-a4c9-f32bffd32738,1666123006.6610742,1666123006.815312,/gpfs/alpine/bif135/world-shared/species/smagellanicum/af_mod/Sphm03G126700.1/model_3_ptm_20211001_809623.pdb_/gpfs/alpine/bif135/world-shared/species/smagellanicum/af_mod/Sphm10G037400.1/model_1_ptm_20211001_832780.pdb
andes176.olcf.ornl.gov,Worker-b805c0a2-301d-4ff1-bf4a-c04954683c1d,1666123006.6623662,1666123006.8187096,/gpfs/alpine/bif135/world-shared/species/smagellanicum/af_mod/Sphm18G064200.1/model_5_ptm_20211001_473738.pdb_/gpfs/alpine/bif135/world-shared/species/smagellanicum/af_mod/Sphm20G002800.1/model_1_ptm_20211001_113600.pdb
andes176.olcf.ornl.gov,Worker-5407141b-db06-4131-a317-1edd467a24ad,1666123006.6628711,1666123006.8243387,/gpfs/alpine/bif135/world-shared/species/smagellanicum/af_mod/Sphm18G064200.1/model_5_ptm_20211001_473738.pdb_/gpfs/alpine/bif135/world-shared/species/smagellanicum/af_mod/Sphm20G004700.1/model_2_ptm_20211001_120114.pdb
andes176.olcf.ornl.gov,Worker-6984ebf0-d8f8-47ce-a67e-a04faa4de99e,1666123006.6635664,1666123006.8295484,/gpfs/alpine/bif135/world-shared/species/smagellanicum/af_mod/Sphm05G037300.1/model_1_ptm_20211001_682319.pdb_/gpfs/alpine/bif135/world-shared/species/smagellanicum/af_mod/Sphm10G037400.1/model_1_ptm_20211001_832780.pdb
andes176.olcf.ornl.gov,Worker-65051215-113e-4451-a9d0-7fb4eaa139ac,1666123006.6646867,1666123006.8298266,/gpfs/alpine/bif135/world-shared/species/smagellanicum/af_mod/Sphm05G037300.1/model_1_ptm_20211001_682319.pdb_/gpfs/alpine/bif135/world-shared/species/smagellanicum/af_mod/Sphm07G021300.1/model_2_ptm_20211001_975803.pdb
andes176.olcf.ornl.gov,Worker-c0874b9e-520a-4180-97a2-ce4bf423585a,1666123006.6869152,1666123006.8334785,/gpfs/alpine/bif135/world-shared/species/smagellanicum/af_mod/Sphm14G085100.1/model_2_ptm_20211001_159260.pdb_/gpfs/alpine/bif135/world-shared/species/smagellanicum/af_mod/Sphm11G074700.1/model_1_ptm_20211001_981646.pdb
andes176.olcf.ornl.gov,Worker-a5e8db90-5183-4459-a711-f53308e0fb13,1666123006.664283,1666123006.8344145,/gpfs/alpine/bif135/world-shared/species/smagellanicum/af_mod/Sphm02G139400.1/model_2_ptm_20211001_880826.pdb_/gpfs/alpine/bif135/world-shared/species/smagellanicum/af_mod/Sphm04G074300.1/model_4_ptm_20211001_211147.pdb
andes176.olcf.ornl.gov,Worker-5172df60-aec8-4cc1-bc10-a7da36c5bb58,1666123006.6521556,1666123006.8355958,/gpfs/alpine/bif135/world-shared/species/smagellanicum/af_mod/Sphm18G064200.1/model_5_ptm_20211001_473738.pdb_/gpfs/alpine/bif135/world-shared/species/smagellanicum/af_mod/Sphm10G037400.1/model_1_ptm_20211001_832780.pdb
andes176.olcf.ornl.gov,Worker-4633ab34-59ec-48c1-a9d9-9cc71d9506fd,1666123006.6525729,1666123006.8398418,/gpfs/alpine/bif135/world-shared/species/smagellanicum/af_mod/Sphm05G037300.1/model_1_ptm_20211001_682319.pdb_/gpfs/alpine/bif135/world-shared/species/smagellanicum/af_mod/Sphm04G074300.1/model_4_ptm_20211001_211147.pdb
andes176.olcf.ornl.gov,Worker-0fade233-7a7a-4289-822c-7feaec6b1e1e,1666123006.6611803,1666123006.8473294,/gpfs/alpine/bif135/world-shared/species/smagellanicum/af_mod/Sphm03G126700.1/model_3_ptm_20211001_809623.pdb_/gpfs/alpine/bif135/world-shared/species/smagellanicum/af_mod/Sphm14G085100.1/model_2_ptm_20211001_159260.pdb
andes176.olcf.ornl.gov,Worker-e9527562-38af-4ce5-92cf-6d914d43b5f3,1666123006.6521552,1666123006.8518403,/gpfs/alpine/bif135/world-shared/species/smagellanicum/af_mod/Sphm05G037300.1/model_1_ptm_20211001_682319.pdb_/gpfs/alpine/bif135/world-shared/species/smagellanicum/af_mod/Sphm05G037300.1/model_1_ptm_20211001_682319.pdb
andes176.olcf.ornl.gov,Worker-ab564896-9695-4a0f-920c-f124f6a3e596,1666123006.663847,1666123006.8554642,/gpfs/alpine/bif135/world-shared/species/smagellanicum/af_mod/Sphm05G037300.1/model_1_ptm_20211001_682319.pdb_/gpfs/alpine/bif135/world-shared/species/smagellanicum/af_mod/Sphm11G074700.1/model_1_ptm_20211001_981646.pdb
andes176.olcf.ornl.gov,Worker-483dec33-2e3c-4e74-b761-de847e94db4b,1666123006.6629126,1666123006.8566794,/gpfs/alpine/bif135/world-shared/species/smagellanicum/af_mod/Sphm14G085100.1/model_2_ptm_20211001_159260.pdb_/gpfs/alpine/bif135/world-shared/species/smagellanicum/af_mod/Sphm03G126700.1/model_3_ptm_20211001_809623.pdb
andes176.olcf.ornl.gov,Worker-5b54b499-2fb4-4535-970e-6ac5f5491f8b,1666123006.6611743,1666123006.8581796,/gpfs/alpine/bif135/world-shared/species/smagellanicum/af_mod/Sphm05G037300.1/model_1_ptm_20211001_682319.pdb_/gpfs/alpine/bif135/world-shared/species/smagellanicum/af_mod/Sphm02G139400.1/model_2_ptm_20211001_880826.pdb
andes176.olcf.ornl.gov,Worker-4511f95e-0361-4365-82fe-063807afe23d,1666123006.6555197,1666123006.8611248,/gpfs/alpine/bif135/world-shared/species/smagellanicum/af_mod/Sphm02G139400.1/model_2_ptm_20211001_880826.pdb_/gpfs/alpine/bif135/world-shared/species/smagellanicum/af_mod/Sphm14G085100.1/model_2_ptm_20211001_159260.pdb
andes176.olcf.ornl.gov,Worker-12a1a8ba-f974-4af4-8434-e4b5f8c86557,1666123006.6627495,1666123006.8649185,/gpfs/alpine/bif135/world-shared/species/smagellanicum/af_mod/Sphm18G064200.1/model_5_ptm_20211001_473738.pdb_/gpfs/alpine/bif135/world-shared/species/smagellanicum/af_mod/Sphm02G139400.1/model_2_ptm_20211001_880826.pdb
andes176.olcf.ornl.gov,Worker-f1a412fa-2ba4-4dc2-8228-86e13637b89b,1666123006.6611502,1666123006.8711853,/gpfs/alpine/bif135/world-shared/species/smagellanicum/af_mod/Sphm14G085100.1/model_2_ptm_20211001_159260.pdb_/gpfs/alpine/bif135/world-shared/species/smagellanicum/af_mod/Sphm05G037300.1/model_1_ptm_20211001_682319.pdb
andes176.olcf.ornl.gov,Worker-f404d7a0-9e8c-46bd-be65-3808785c9740,1666123006.6517658,1666123006.880044,/gpfs/alpine/bif135/world-shared/species/smagellanicum/af_mod/Sphm18G064200.1/model_5_ptm_20211001_473738.pdb_/gpfs/alpine/bif135/world-shared/species/smagellanicum/af_mod/Sphm05G037300.1/model_1_ptm_20211001_682319.pdb
andes176.olcf.ornl.gov,Worker-118dc0bc-3a07-402c-92e3-d5f8191f3b4e,1666123006.7348065,1666123006.8856926,/gpfs/alpine/bif135/world-shared/species/smagellanicum/af_mod/Sphm11G074700.1/model_1_ptm_20211001_981646.pdb_/gpfs/alpine/bif135/world-shared/species/smagellanicum/af_mod/Sphm10G037400.1/model_1_ptm_20211001_832780.pdb
andes176.olcf.ornl.gov,Worker-456111c1-acb8-489b-afc8-505b043dda29,1666123006.66299,1666123006.8869886,/gpfs/alpine/bif135/world-shared/species/smagellanicum/af_mod/Sphm05G037300.1/model_1_ptm_20211001_682319.pdb_/gpfs/alpine/bif135/world-shared/species/smagellanicum/af_mod/Sphm18G064200.1/model_5_ptm_20211001_473738.pdb
andes176.olcf.ornl.gov,Worker-8f04f0fe-c94d-43d5-8975-0038f743ba83,1666123006.6763825,1666123006.890326,/gpfs/alpine/bif135/world-shared/species/smagellanicum/af_mod/Sphm05G037300.1/model_1_ptm_20211001_682319.pdb_/gpfs/alpine/bif135/world-shared/species/smagellanicum/af_mod/Sphm12G016500.1/model_1_ptm_20211001_114880.pdb
andes176.olcf.ornl.gov,Worker-728f931d-8bb6-4d1e-89ed-6a2d5e7aae3c,1666123006.7978094,1666123006.8929875,/gpfs/alpine/bif135/world-shared/species/smagellanicum/af_mod/Sphm05G037300.1/model_1_ptm_20211001_682319.pdb_/gpfs/alpine/bif135/world-shared/species/smagellanicum/af_mod/Sphm20G019500.1/model_5_ptm_20211001_627857.pdb
andes176.olcf.ornl.gov,Worker-2f6540fe-7ef9-427e-94e4-8fd3f0f9f901,1666123006.7883196,1666123006.8952172,/gpfs/alpine/bif135/world-shared/species/smagellanicum/af_mod/Sphm14G085100.1/model_2_ptm_20211001_159260.pdb_/gpfs/alpine/bif135/world-shared/species/smagellanicum/af_mod/Sphm05G131400.1/model_2_ptm_20211001_589071.pdb
andes176.olcf.ornl.gov,Worker-02e15f40-e795-4da2-8ec0-d803b6f9d05d,1666123006.6699603,1666123006.9035769,/gpfs/alpine/bif135/world-shared/species/smagellanicum/af_mod/Sphm05G037300.1/model_1_ptm_20211001_682319.pdb_/gpfs/alpine/bif135/world-shared/species/smagellanicum/af_mod/Sphm03G126700.1/model_3_ptm_20211001_809623.pdb
andes176.olcf.ornl.gov,Worker-08c49340-199a-4794-8318-be4441197397,1666123006.7589338,1666123006.90593,/gpfs/alpine/bif135/world-shared/species/smagellanicum/af_mod/Sphm10G037400.1/model_1_ptm_20211001_832780.pdb_/gpfs/alpine/bif135/world-shared/species/smagellanicum/af_mod/Sphm14G085100.1/model_2_ptm_20211001_159260.pdb
andes176.olcf.ornl.gov,Worker-aec9703f-bda1-4f6b-a4f3-686ec4b2d4f0,1666123006.7853835,1666123006.90719,/gpfs/alpine/bif135/world-shared/species/smagellanicum/af_mod/Sphm02G139400.1/model_2_ptm_20211001_880826.pdb_/gpfs/alpine/bif135/world-shared/species/smagellanicum/af_mod/Sphm20G002800.1/model_1_ptm_20211001_113600.pdb
andes176.olcf.ornl.gov,Worker-3356266b-36b5-4ac1-b5f8-92a929528ef6,1666123006.7653222,1666123006.9212706,/gpfs/alpine/bif135/world-shared/species/smagellanicum/af_mod/Sphm14G085100.1/model_2_ptm_20211001_159260.pdb_/gpfs/alpine/bif135/world-shared/species/smagellanicum/af_mod/Sphm02G139400.1/model_2_ptm_20211001_880826.pdb
andes176.olcf.ornl.gov,Worker-646cf503-1edf-42e6-8de6-9319702f7da0,1666123006.7937195,1666123006.9261334,/gpfs/alpine/bif135/world-shared/species/smagellanicum/af_mod/Sphm12G016500.1/model_1_ptm_20211001_114880.pdb_/gpfs/alpine/bif135/world-shared/species/smagellanicum/af_mod/Sphm20G004700.1/model_2_ptm_20211001_120114.pdb
andes176.olcf.ornl.gov,Worker-01fa4b84-6391-4ff1-848f-c68a37e44215,1666123006.7854826,1666123006.939505,/gpfs/alpine/bif135/world-shared/species/smagellanicum/af_mod/Sphm12G016500.1/model_1_ptm_20211001_114880.pdb_/gpfs/alpine/bif135/world-shared/species/smagellanicum/af_mod/Sphm11G074700.1/model_1_ptm_20211001_981646.pdb
andes176.olcf.ornl.gov,Worker-4ca79dfb-6f6f-45fa-afa6-c917acb61cf6,1666123006.8018022,1666123006.940106,/gpfs/alpine/bif135/world-shared/species/smagellanicum/af_mod/Sphm02G139400.1/model_2_ptm_20211001_880826.pdb_/gpfs/alpine/bif135/world-shared/species/smagellanicum/af_mod/Sphm10G037400.1/model_1_ptm_20211001_832780.pdb
andes176.olcf.ornl.gov,Worker-c0874b9e-520a-4180-97a2-ce4bf423585a,1666123006.834712,1666123006.9424198,/gpfs/alpine/bif135/world-shared/species/smagellanicum/af_mod/Sphm12G016500.1/model_1_ptm_20211001_114880.pdb_/gpfs/alpine/bif135/world-shared/species/smagellanicum/af_mod/Sphm11G034700.1/model_2_ptm_20211001_410361.pdb
andes176.olcf.ornl.gov,Worker-a5e8db90-5183-4459-a711-f53308e0fb13,1666123006.8360314,1666123006.9449687,/gpfs/alpine/bif135/world-shared/species/smagellanicum/af_mod/Sphm10G037400.1/model_1_ptm_20211001_832780.pdb_/gpfs/alpine/bif135/world-shared/species/smagellanicum/af_mod/Sphm04G008700.1/model_2_ptm_20211001_967514.pdb
andes176.olcf.ornl.gov,Worker-4511f95e-0361-4365-82fe-063807afe23d,1666123006.8622704,1666123006.9484074,/gpfs/alpine/bif135/world-shared/species/smagellanicum/af_mod/Sphm02G139400.1/model_2_ptm_20211001_880826.pdb_/gpfs/alpine/bif135/world-shared/species/smagellanicum/af_mod/Sphm05G131400.1/model_2_ptm_20211001_589071.pdb
andes176.olcf.ornl.gov,Worker-78b8800e-9f91-4cd6-b6a5-05475f5bb159,1666123006.7990959,1666123006.9523306,/gpfs/alpine/bif135/world-shared/species/smagellanicum/af_mod/Sphm03G126700.1/model_3_ptm_20211001_809623.pdb_/gpfs/alpine/bif135/world-shared/species/smagellanicum/af_mod/Sphm12G016500.1/model_1_ptm_20211001_114880.pdb
andes176.olcf.ornl.gov,Worker-4633ab34-59ec-48c1-a9d9-9cc71d9506fd,1666123006.8433993,1666123006.9583607,/gpfs/alpine/bif135/world-shared/species/smagellanicum/af_mod/Sphm20G002800.1/model_1_ptm_20211001_113600.pdb_/gpfs/alpine/bif135/world-shared/species/smagellanicum/af_mod/Sphm04G074300.1/model_4_ptm_20211001_211147.pdb
andes176.olcf.ornl.gov,Worker-65051215-113e-4451-a9d0-7fb4eaa139ac,1666123006.831017,1666123006.9753008,/gpfs/alpine/bif135/world-shared/species/smagellanicum/af_mod/Sphm20G002800.1/model_1_ptm_20211001_113600.pdb_/gpfs/alpine/bif135/world-shared/species/smagellanicum/af_mod/Sphm03G126700.1/model_3_ptm_20211001_809623.pdb
andes176.olcf.ornl.gov,Worker-e9527562-38af-4ce5-92cf-6d914d43b5f3,1666123006.853039,1666123006.9782484,/gpfs/alpine/bif135/world-shared/species/smagellanicum/af_mod/Sphm03G126700.1/model_3_ptm_20211001_809623.pdb_/gpfs/alpine/bif135/world-shared/species/smagellanicum/af_mod/Sphm07G021300.1/model_2_ptm_20211001_975803.pdb
andes176.olcf.ornl.gov,Worker-ab564896-9695-4a0f-920c-f124f6a3e596,1666123006.8566456,1666123006.9793518,/gpfs/alpine/bif135/world-shared/species/smagellanicum/af_mod/Sphm20G002800.1/model_1_ptm_20211001_113600.pdb_/gpfs/alpine/bif135/world-shared/species/smagellanicum/af_mod/Sphm02G139400.1/model_2_ptm_20211001_880826.pdb
andes176.olcf.ornl.gov,Worker-483dec33-2e3c-4e74-b761-de847e94db4b,1666123006.8578405,1666123006.9911788,/gpfs/alpine/bif135/world-shared/species/smagellanicum/af_mod/Sphm14G085100.1/model_2_ptm_20211001_159260.pdb_/gpfs/alpine/bif135/world-shared/species/smagellanicum/af_mod/Sphm20G002800.1/model_1_ptm_20211001_113600.pdb
andes176.olcf.ornl.gov,Worker-5172df60-aec8-4cc1-bc10-a7da36c5bb58,1666123006.8366594,1666123006.993168,/gpfs/alpine/bif135/world-shared/species/smagellanicum/af_mod/Sphm12G016500.1/model_1_ptm_20211001_114880.pdb_/gpfs/alpine/bif135/world-shared/species/smagellanicum/af_mod/Sphm12G016500.1/model_1_ptm_20211001_114880.pdb
andes176.olcf.ornl.gov,Worker-0fade233-7a7a-4289-822c-7feaec6b1e1e,1666123006.8483703,1666123006.99405,/gpfs/alpine/bif135/world-shared/species/smagellanicum/af_mod/Sphm03G126700.1/model_3_ptm_20211001_809623.pdb_/gpfs/alpine/bif135/world-shared/species/smagellanicum/af_mod/Sphm02G139400.1/model_2_ptm_20211001_880826.pdb
andes176.olcf.ornl.gov,Worker-6984ebf0-d8f8-47ce-a67e-a04faa4de99e,1666123006.8307912,1666123007.0026731,/gpfs/alpine/bif135/world-shared/species/smagellanicum/af_mod/Sphm03G126700.1/model_3_ptm_20211001_809623.pdb_/gpfs/alpine/bif135/world-shared/species/smagellanicum/af_mod/Sphm03G126700.1/model_3_ptm_20211001_809623.pdb
andes176.olcf.ornl.gov,Worker-118dc0bc-3a07-402c-92e3-d5f8191f3b4e,1666123006.8868794,1666123007.0094888,/gpfs/alpine/bif135/world-shared/species/smagellanicum/af_mod/Sphm20G004700.1/model_2_ptm_20211001_120114.pdb_/gpfs/alpine/bif135/world-shared/species/smagellanicum/af_mod/Sphm12G016500.1/model_1_ptm_20211001_114880.pdb
andes176.olcf.ornl.gov,Worker-728f931d-8bb6-4d1e-89ed-6a2d5e7aae3c,1666123006.8940365,1666123007.0094867,/gpfs/alpine/bif135/world-shared/species/smagellanicum/af_mod/Sphm12G016500.1/model_1_ptm_20211001_114880.pdb_/gpfs/alpine/bif135/world-shared/species/smagellanicum/af_mod/Sphm07G021300.1/model_2_ptm_20211001_975803.pdb
andes176.olcf.ornl.gov,Worker-5b54b499-2fb4-4535-970e-6ac5f5491f8b,1666123006.8591144,1666123007.0102372,/gpfs/alpine/bif135/world-shared/species/smagellanicum/af_mod/Sphm05G037300.1/model_1_ptm_20211001_682319.pdb_/gpfs/alpine/bif135/world-shared/species/smagellanicum/af_mod/Sphm20G004700.1/model_2_ptm_20211001_120114.pdb
andes176.olcf.ornl.gov,Worker-456111c1-acb8-489b-afc8-505b043dda29,1666123006.890016,1666123007.01043,/gpfs/alpine/bif135/world-shared/species/smagellanicum/af_mod/Sphm03G126700.1/model_3_ptm_20211001_809623.pdb_/gpfs/alpine/bif135/world-shared/species/smagellanicum/af_mod/Sphm20G019500.1/model_5_ptm_20211001_627857.pdb
andes176.olcf.ornl.gov,Worker-f97bd65a-880e-4286-a4c9-f32bffd32738,1666123006.8162982,1666123007.010691,/gpfs/alpine/bif135/world-shared/species/smagellanicum/af_mod/Sphm02G139400.1/model_2_ptm_20211001_880826.pdb_/gpfs/alpine/bif135/world-shared/species/smagellanicum/af_mod/Sphm18G064200.1/model_5_ptm_20211001_473738.pdb
andes176.olcf.ornl.gov,Worker-f1a412fa-2ba4-4dc2-8228-86e13637b89b,1666123006.8721964,1666123007.0124638,/gpfs/alpine/bif135/world-shared/species/smagellanicum/af_mod/Sphm20G002800.1/model_1_ptm_20211001_113600.pdb_/gpfs/alpine/bif135/world-shared/species/smagellanicum/af_mod/Sphm05G037300.1/model_1_ptm_20211001_682319.pdb
andes176.olcf.ornl.gov,Worker-4d23817a-e4ad-4e25-aef8-ac029c0fbbde,1666123006.8136017,1666123007.0157921,/gpfs/alpine/bif135/world-shared/species/smagellanicum/af_mod/Sphm12G016500.1/model_1_ptm_20211001_114880.pdb_/gpfs/alpine/bif135/world-shared/species/smagellanicum/af_mod/Sphm14G085100.1/model_2_ptm_20211001_159260.pdb
andes176.olcf.ornl.gov,Worker-5407141b-db06-4131-a317-1edd467a24ad,1666123006.8254983,1666123007.0191505,/gpfs/alpine/bif135/world-shared/species/smagellanicum/af_mod/Sphm05G037300.1/model_1_ptm_20211001_682319.pdb_/gpfs/alpine/bif135/world-shared/species/smagellanicum/af_mod/Sphm14G085100.1/model_2_ptm_20211001_159260.pdb
andes176.olcf.ornl.gov,Worker-b805c0a2-301d-4ff1-bf4a-c04954683c1d,1666123006.8198845,1666123007.0389202,/gpfs/alpine/bif135/world-shared/species/smagellanicum/af_mod/Sphm12G016500.1/model_1_ptm_20211001_114880.pdb_/gpfs/alpine/bif135/world-shared/species/smagellanicum/af_mod/Sphm18G064200.1/model_5_ptm_20211001_473738.pdb
andes176.olcf.ornl.gov,Worker-08c49340-199a-4794-8318-be4441197397,1666123006.9073145,1666123007.0512867,/gpfs/alpine/bif135/world-shared/species/smagellanicum/af_mod/Sphm10G037400.1/model_1_ptm_20211001_832780.pdb_/gpfs/alpine/bif135/world-shared/species/smagellanicum/af_mod/Sphm12G016500.1/model_1_ptm_20211001_114880.pdb
andes176.olcf.ornl.gov,Worker-f404d7a0-9e8c-46bd-be65-3808785c9740,1666123006.8811655,1666123007.0527146,/gpfs/alpine/bif135/world-shared/species/smagellanicum/af_mod/Sphm18G064200.1/model_5_ptm_20211001_473738.pdb_/gpfs/alpine/bif135/world-shared/species/smagellanicum/af_mod/Sphm03G126700.1/model_3_ptm_20211001_809623.pdb
andes176.olcf.ornl.gov,Worker-4511f95e-0361-4365-82fe-063807afe23d,1666123006.9495554,1666123007.056882,/gpfs/alpine/bif135/world-shared/species/smagellanicum/af_mod/Sphm11G074700.1/model_1_ptm_20211001_981646.pdb_/gpfs/alpine/bif135/world-shared/species/smagellanicum/af_mod/Sphm07G021300.1/model_2_ptm_20211001_975803.pdb
andes176.olcf.ornl.gov,Worker-646cf503-1edf-42e6-8de6-9319702f7da0,1666123006.9273257,1666123007.062092,/gpfs/alpine/bif135/world-shared/species/smagellanicum/af_mod/Sphm02G139400.1/model_2_ptm_20211001_880826.pdb_/gpfs/alpine/bif135/world-shared/species/smagellanicum/af_mod/Sphm02G139400.1/model_2_ptm_20211001_880826.pdb
andes176.olcf.ornl.gov,Worker-a5e8db90-5183-4459-a711-f53308e0fb13,1666123006.9462287,1666123007.0626366,/gpfs/alpine/bif135/world-shared/species/smagellanicum/af_mod/Sphm11G074700.1/model_1_ptm_20211001_981646.pdb_/gpfs/alpine/bif135/world-shared/species/smagellanicum/af_mod/Sphm11G034700.1/model_2_ptm_20211001_410361.pdb
andes176.olcf.ornl.gov,Worker-aec9703f-bda1-4f6b-a4f3-686ec4b2d4f0,1666123006.9084485,1666123007.0636592,/gpfs/alpine/bif135/world-shared/species/smagellanicum/af_mod/Sphm10G037400.1/model_1_ptm_20211001_832780.pdb_/gpfs/alpine/bif135/world-shared/species/smagellanicum/af_mod/Sphm11G074700.1/model_1_ptm_20211001_981646.pdb
andes176.olcf.ornl.gov,Worker-2f6540fe-7ef9-427e-94e4-8fd3f0f9f901,1666123006.8963873,1666123007.0643275,/gpfs/alpine/bif135/world-shared/species/smagellanicum/af_mod/Sphm02G139400.1/model_2_ptm_20211001_880826.pdb_/gpfs/alpine/bif135/world-shared/species/smagellanicum/af_mod/Sphm12G016500.1/model_1_ptm_20211001_114880.pdb
andes176.olcf.ornl.gov,Worker-8f04f0fe-c94d-43d5-8975-0038f743ba83,1666123006.8915863,1666123007.0657425,/gpfs/alpine/bif135/world-shared/species/smagellanicum/af_mod/Sphm03G126700.1/model_3_ptm_20211001_809623.pdb_/gpfs/alpine/bif135/world-shared/species/smagellanicum/af_mod/Sphm18G064200.1/model_5_ptm_20211001_473738.pdb
andes176.olcf.ornl.gov,Worker-12a1a8ba-f974-4af4-8434-e4b5f8c86557,1666123006.8662014,1666123007.0668876,/gpfs/alpine/bif135/world-shared/species/smagellanicum/af_mod/Sphm12G016500.1/model_1_ptm_20211001_114880.pdb_/gpfs/alpine/bif135/world-shared/species/smagellanicum/af_mod/Sphm05G037300.1/model_1_ptm_20211001_682319.pdb
andes176.olcf.ornl.gov,Worker-02e15f40-e795-4da2-8ec0-d803b6f9d05d,1666123006.9051833,1666123007.0743787,/gpfs/alpine/bif135/world-shared/species/smagellanicum/af_mod/Sphm14G085100.1/model_2_ptm_20211001_159260.pdb_/gpfs/alpine/bif135/world-shared/species/smagellanicum/af_mod/Sphm14G085100.1/model_2_ptm_20211001_159260.pdb
andes176.olcf.ornl.gov,Worker-c0874b9e-520a-4180-97a2-ce4bf423585a,1666123006.9435387,1666123007.0815468,/gpfs/alpine/bif135/world-shared/species/smagellanicum/af_mod/Sphm02G139400.1/model_2_ptm_20211001_880826.pdb_/gpfs/alpine/bif135/world-shared/species/smagellanicum/af_mod/Sphm11G034700.1/model_2_ptm_20211001_410361.pdb
andes176.olcf.ornl.gov,Worker-4633ab34-59ec-48c1-a9d9-9cc71d9506fd,1666123006.9594874,1666123007.0826957,/gpfs/alpine/bif135/world-shared/species/smagellanicum/af_mod/Sphm20G002800.1/model_1_ptm_20211001_113600.pdb_/gpfs/alpine/bif135/world-shared/species/smagellanicum/af_mod/Sphm05G131400.1/model_2_ptm_20211001_589071.pdb
andes176.olcf.ornl.gov,Worker-3356266b-36b5-4ac1-b5f8-92a929528ef6,1666123006.9224637,1666123007.092509,/gpfs/alpine/bif135/world-shared/species/smagellanicum/af_mod/Sphm12G016500.1/model_1_ptm_20211001_114880.pdb_/gpfs/alpine/bif135/world-shared/species/smagellanicum/af_mod/Sphm02G139400.1/model_2_ptm_20211001_880826.pdb
andes176.olcf.ornl.gov,Worker-65051215-113e-4451-a9d0-7fb4eaa139ac,1666123006.9772475,1666123007.0984962,/gpfs/alpine/bif135/world-shared/species/smagellanicum/af_mod/Sphm10G037400.1/model_1_ptm_20211001_832780.pdb_/gpfs/alpine/bif135/world-shared/species/smagellanicum/af_mod/Sphm10G037400.1/model_1_ptm_20211001_832780.pdb
andes176.olcf.ornl.gov,Worker-78b8800e-9f91-4cd6-b6a5-05475f5bb159,1666123006.9534776,1666123007.1009476,/gpfs/alpine/bif135/world-shared/species/smagellanicum/af_mod/Sphm03G126700.1/model_3_ptm_20211001_809623.pdb_/gpfs/alpine/bif135/world-shared/species/smagellanicum/af_mod/Sphm04G074300.1/model_4_ptm_20211001_211147.pdb
andes176.olcf.ornl.gov,Worker-0fade233-7a7a-4289-822c-7feaec6b1e1e,1666123006.995252,1666123007.117416,/gpfs/alpine/bif135/world-shared/species/smagellanicum/af_mod/Sphm14G085100.1/model_2_ptm_20211001_159260.pdb_/gpfs/alpine/bif135/world-shared/species/smagellanicum/af_mod/Sphm04G008700.1/model_2_ptm_20211001_967514.pdb
andes176.olcf.ornl.gov,Worker-118dc0bc-3a07-402c-92e3-d5f8191f3b4e,1666123007.0106807,1666123007.1187413,/gpfs/alpine/bif135/world-shared/species/smagellanicum/af_mod/Sphm04G008700.1/model_2_ptm_20211001_967514.pdb_/gpfs/alpine/bif135/world-shared/species/smagellanicum/af_mod/Sphm20G004700.1/model_2_ptm_20211001_120114.pdb
andes176.olcf.ornl.gov,Worker-5172df60-aec8-4cc1-bc10-a7da36c5bb58,1666123006.994425,1666123007.123352,/gpfs/alpine/bif135/world-shared/species/smagellanicum/af_mod/Sphm20G002800.1/model_1_ptm_20211001_113600.pdb_/gpfs/alpine/bif135/world-shared/species/smagellanicum/af_mod/Sphm11G074700.1/model_1_ptm_20211001_981646.pdb
andes176.olcf.ornl.gov,Worker-6984ebf0-d8f8-47ce-a67e-a04faa4de99e,1666123007.0038593,1666123007.1268206,/gpfs/alpine/bif135/world-shared/species/smagellanicum/af_mod/Sphm02G139400.1/model_2_ptm_20211001_880826.pdb_/gpfs/alpine/bif135/world-shared/species/smagellanicum/af_mod/Sphm07G021300.1/model_2_ptm_20211001_975803.pdb
andes176.olcf.ornl.gov,Worker-4d23817a-e4ad-4e25-aef8-ac029c0fbbde,1666123007.0170343,1666123007.1279037,/gpfs/alpine/bif135/world-shared/species/smagellanicum/af_mod/Sphm02G139400.1/model_2_ptm_20211001_880826.pdb_/gpfs/alpine/bif135/world-shared/species/smagellanicum/af_mod/Sphm20G019500.1/model_5_ptm_20211001_627857.pdb
andes176.olcf.ornl.gov,Worker-ab564896-9695-4a0f-920c-f124f6a3e596,1666123006.9803228,1666123007.1293864,/gpfs/alpine/bif135/world-shared/species/smagellanicum/af_mod/Sphm20G002800.1/model_1_ptm_20211001_113600.pdb_/gpfs/alpine/bif135/world-shared/species/smagellanicum/af_mod/Sphm20G004700.1/model_2_ptm_20211001_120114.pdb
andes176.olcf.ornl.gov,Worker-01fa4b84-6391-4ff1-848f-c68a37e44215,1666123006.940561,1666123007.1310334,/gpfs/alpine/bif135/world-shared/species/smagellanicum/af_mod/Sphm02G139400.1/model_2_ptm_20211001_880826.pdb_/gpfs/alpine/bif135/world-shared/species/smagellanicum/af_mod/Sphm20G004700.1/model_2_ptm_20211001_120114.pdb
andes176.olcf.ornl.gov,Worker-5407141b-db06-4131-a317-1edd467a24ad,1666123007.02125,1666123007.1327367,/gpfs/alpine/bif135/world-shared/species/smagellanicum/af_mod/Sphm03G126700.1/model_3_ptm_20211001_809623.pdb_/gpfs/alpine/bif135/world-shared/species/smagellanicum/af_mod/Sphm04G008700.1/model_2_ptm_20211001_967514.pdb
andes176.olcf.ornl.gov,Worker-4ca79dfb-6f6f-45fa-afa6-c917acb61cf6,1666123006.9413335,1666123007.135247,/gpfs/alpine/bif135/world-shared/species/smagellanicum/af_mod/Sphm11G074700.1/model_1_ptm_20211001_981646.pdb_/gpfs/alpine/bif135/world-shared/species/smagellanicum/af_mod/Sphm18G064200.1/model_5_ptm_20211001_473738.pdb
andes176.olcf.ornl.gov,Worker-483dec33-2e3c-4e74-b761-de847e94db4b,1666123006.9921682,1666123007.1364498,/gpfs/alpine/bif135/world-shared/species/smagellanicum/af_mod/Sphm02G139400.1/model_2_ptm_20211001_880826.pdb_/gpfs/alpine/bif135/world-shared/species/smagellanicum/af_mod/Sphm03G126700.1/model_3_ptm_20211001_809623.pdb
andes176.olcf.ornl.gov,Worker-456111c1-acb8-489b-afc8-505b043dda29,1666123007.0115817,1666123007.1369214,/gpfs/alpine/bif135/world-shared/species/smagellanicum/af_mod/Sphm12G016500.1/model_1_ptm_20211001_114880.pdb_/gpfs/alpine/bif135/world-shared/species/smagellanicum/af_mod/Sphm04G008700.1/model_2_ptm_20211001_967514.pdb
andes176.olcf.ornl.gov,Worker-f97bd65a-880e-4286-a4c9-f32bffd32738,1666123007.0120158,1666123007.1429348,/gpfs/alpine/bif135/world-shared/species/smagellanicum/af_mod/Sphm20G002800.1/model_1_ptm_20211001_113600.pdb_/gpfs/alpine/bif135/world-shared/species/smagellanicum/af_mod/Sphm14G085100.1/model_2_ptm_20211001_159260.pdb
andes176.olcf.ornl.gov,Worker-f404d7a0-9e8c-46bd-be65-3808785c9740,1666123007.053585,1666123007.145739,/gpfs/alpine/bif135/world-shared/species/smagellanicum/af_mod/Sphm14G085100.1/model_2_ptm_20211001_159260.pdb_/gpfs/alpine/bif135/world-shared/species/smagellanicum/af_mod/Sphm20G019500.1/model_5_ptm_20211001_627857.pdb
andes176.olcf.ornl.gov,Worker-aec9703f-bda1-4f6b-a4f3-686ec4b2d4f0,1666123007.0645263,1666123007.1573877,/gpfs/alpine/bif135/world-shared/species/smagellanicum/af_mod/Sphm10G037400.1/model_1_ptm_20211001_832780.pdb_/gpfs/alpine/bif135/world-shared/species/smagellanicum/af_mod/Sphm20G019500.1/model_5_ptm_20211001_627857.pdb
andes176.olcf.ornl.gov,Worker-f1a412fa-2ba4-4dc2-8228-86e13637b89b,1666123007.0136678,1666123007.1668408,/gpfs/alpine/bif135/world-shared/species/smagellanicum/af_mod/Sphm07G021300.1/model_2_ptm_20211001_975803.pdb_/gpfs/alpine/bif135/world-shared/species/smagellanicum/af_mod/Sphm18G064200.1/model_5_ptm_20211001_473738.pdb
andes176.olcf.ornl.gov,Worker-4511f95e-0361-4365-82fe-063807afe23d,1666123007.0578306,1666123007.1693575,/gpfs/alpine/bif135/world-shared/species/smagellanicum/af_mod/Sphm07G021300.1/model_2_ptm_20211001_975803.pdb_/gpfs/alpine/bif135/world-shared/species/smagellanicum/af_mod/Sphm20G004700.1/model_2_ptm_20211001_120114.pdb
andes176.olcf.ornl.gov,Worker-b805c0a2-301d-4ff1-bf4a-c04954683c1d,1666123007.039853,1666123007.1704624,/gpfs/alpine/bif135/world-shared/species/smagellanicum/af_mod/Sphm20G002800.1/model_1_ptm_20211001_113600.pdb_/gpfs/alpine/bif135/world-shared/species/smagellanicum/af_mod/Sphm07G021300.1/model_2_ptm_20211001_975803.pdb
andes176.olcf.ornl.gov,Worker-08c49340-199a-4794-8318-be4441197397,1666123007.0521421,1666123007.1734927,/gpfs/alpine/bif135/world-shared/species/smagellanicum/af_mod/Sphm04G074300.1/model_4_ptm_20211001_211147.pdb_/gpfs/alpine/bif135/world-shared/species/smagellanicum/af_mod/Sphm11G074700.1/model_1_ptm_20211001_981646.pdb
andes176.olcf.ornl.gov,Worker-728f931d-8bb6-4d1e-89ed-6a2d5e7aae3c,1666123007.0106752,1666123007.1756384,/gpfs/alpine/bif135/world-shared/species/smagellanicum/af_mod/Sphm10G037400.1/model_1_ptm_20211001_832780.pdb_/gpfs/alpine/bif135/world-shared/species/smagellanicum/af_mod/Sphm18G064200.1/model_5_ptm_20211001_473738.pdb
andes176.olcf.ornl.gov,Worker-a5e8db90-5183-4459-a711-f53308e0fb13,1666123007.0635304,1666123007.187787,/gpfs/alpine/bif135/world-shared/species/smagellanicum/af_mod/Sphm07G021300.1/model_2_ptm_20211001_975803.pdb_/gpfs/alpine/bif135/world-shared/species/smagellanicum/af_mod/Sphm07G021300.1/model_2_ptm_20211001_975803.pdb
andes176.olcf.ornl.gov,Worker-3356266b-36b5-4ac1-b5f8-92a929528ef6,1666123007.0934958,1666123007.194318,/gpfs/alpine/bif135/world-shared/species/smagellanicum/af_mod/Sphm12G016500.1/model_1_ptm_20211001_114880.pdb_/gpfs/alpine/bif135/world-shared/species/smagellanicum/af_mod/Sphm20G019500.1/model_5_ptm_20211001_627857.pdb
andes176.olcf.ornl.gov,Worker-12a1a8ba-f974-4af4-8434-e4b5f8c86557,1666123007.0678072,1666123007.1959884,/gpfs/alpine/bif135/world-shared/species/smagellanicum/af_mod/Sphm20G002800.1/model_1_ptm_20211001_113600.pdb_/gpfs/alpine/bif135/world-shared/species/smagellanicum/af_mod/Sphm10G037400.1/model_1_ptm_20211001_832780.pdb
andes176.olcf.ornl.gov,Worker-e9527562-38af-4ce5-92cf-6d914d43b5f3,1666123006.9795253,1666123007.1974688,/gpfs/alpine/bif135/world-shared/species/smagellanicum/af_mod/Sphm14G085100.1/model_2_ptm_20211001_159260.pdb_/gpfs/alpine/bif135/world-shared/species/smagellanicum/af_mod/Sphm12G016500.1/model_1_ptm_20211001_114880.pdb
andes176.olcf.ornl.gov,Worker-2f6540fe-7ef9-427e-94e4-8fd3f0f9f901,1666123007.0652235,1666123007.1977854,/gpfs/alpine/bif135/world-shared/species/smagellanicum/af_mod/Sphm10G037400.1/model_1_ptm_20211001_832780.pdb_/gpfs/alpine/bif135/world-shared/species/smagellanicum/af_mod/Sphm04G074300.1/model_4_ptm_20211001_211147.pdb
andes176.olcf.ornl.gov,Worker-646cf503-1edf-42e6-8de6-9319702f7da0,1666123007.0630224,1666123007.2003338,/gpfs/alpine/bif135/world-shared/species/smagellanicum/af_mod/Sphm04G074300.1/model_4_ptm_20211001_211147.pdb_/gpfs/alpine/bif135/world-shared/species/smagellanicum/af_mod/Sphm02G139400.1/model_2_ptm_20211001_880826.pdb
andes176.olcf.ornl.gov,Worker-4633ab34-59ec-48c1-a9d9-9cc71d9506fd,1666123007.0836275,1666123007.2069724,/gpfs/alpine/bif135/world-shared/species/smagellanicum/af_mod/Sphm11G074700.1/model_1_ptm_20211001_981646.pdb_/gpfs/alpine/bif135/world-shared/species/smagellanicum/af_mod/Sphm11G074700.1/model_1_ptm_20211001_981646.pdb
andes176.olcf.ornl.gov,Worker-118dc0bc-3a07-402c-92e3-d5f8191f3b4e,1666123007.1197946,1666123007.2086854,/gpfs/alpine/bif135/world-shared/species/smagellanicum/af_mod/Sphm20G019500.1/model_5_ptm_20211001_627857.pdb_/gpfs/alpine/bif135/world-shared/species/smagellanicum/af_mod/Sphm07G021300.1/model_2_ptm_20211001_975803.pdb
andes176.olcf.ornl.gov,Worker-c0874b9e-520a-4180-97a2-ce4bf423585a,1666123007.0825145,1666123007.2106528,/gpfs/alpine/bif135/world-shared/species/smagellanicum/af_mod/Sphm07G021300.1/model_2_ptm_20211001_975803.pdb_/gpfs/alpine/bif135/world-shared/species/smagellanicum/af_mod/Sphm02G139400.1/model_2_ptm_20211001_880826.pdb
andes176.olcf.ornl.gov,Worker-02e15f40-e795-4da2-8ec0-d803b6f9d05d,1666123007.075424,1666123007.2122579,/gpfs/alpine/bif135/world-shared/species/smagellanicum/af_mod/Sphm12G016500.1/model_1_ptm_20211001_114880.pdb_/gpfs/alpine/bif135/world-shared/species/smagellanicum/af_mod/Sphm04G074300.1/model_4_ptm_20211001_211147.pdb
andes176.olcf.ornl.gov,Worker-5b54b499-2fb4-4535-970e-6ac5f5491f8b,1666123007.0114121,1666123007.2163486,/gpfs/alpine/bif135/world-shared/species/smagellanicum/af_mod/Sphm03G126700.1/model_3_ptm_20211001_809623.pdb_/gpfs/alpine/bif135/world-shared/species/smagellanicum/af_mod/Sphm05G037300.1/model_1_ptm_20211001_682319.pdb
andes176.olcf.ornl.gov,Worker-78b8800e-9f91-4cd6-b6a5-05475f5bb159,1666123007.1019008,1666123007.2244565,/gpfs/alpine/bif135/world-shared/species/smagellanicum/af_mod/Sphm14G085100.1/model_2_ptm_20211001_159260.pdb_/gpfs/alpine/bif135/world-shared/species/smagellanicum/af_mod/Sphm07G021300.1/model_2_ptm_20211001_975803.pdb
andes176.olcf.ornl.gov,Worker-8f04f0fe-c94d-43d5-8975-0038f743ba83,1666123007.0666294,1666123007.227944,/gpfs/alpine/bif135/world-shared/species/smagellanicum/af_mod/Sphm02G139400.1/model_2_ptm_20211001_880826.pdb_/gpfs/alpine/bif135/world-shared/species/smagellanicum/af_mod/Sphm11G074700.1/model_1_ptm_20211001_981646.pdb
andes176.olcf.ornl.gov,Worker-65051215-113e-4451-a9d0-7fb4eaa139ac,1666123007.0994987,1666123007.232441,/gpfs/alpine/bif135/world-shared/species/smagellanicum/af_mod/Sphm20G004700.1/model_2_ptm_20211001_120114.pdb_/gpfs/alpine/bif135/world-shared/species/smagellanicum/af_mod/Sphm10G037400.1/model_1_ptm_20211001_832780.pdb
andes176.olcf.ornl.gov,Worker-6984ebf0-d8f8-47ce-a67e-a04faa4de99e,1666123007.1278176,1666123007.2399685,/gpfs/alpine/bif135/world-shared/species/smagellanicum/af_mod/Sphm04G074300.1/model_4_ptm_20211001_211147.pdb_/gpfs/alpine/bif135/world-shared/species/smagellanicum/af_mod/Sphm11G034700.1/model_2_ptm_20211001_410361.pdb
andes176.olcf.ornl.gov,Worker-5172df60-aec8-4cc1-bc10-a7da36c5bb58,1666123007.1244798,1666123007.2526891,/gpfs/alpine/bif135/world-shared/species/smagellanicum/af_mod/Sphm04G074300.1/model_4_ptm_20211001_211147.pdb_/gpfs/alpine/bif135/world-shared/species/smagellanicum/af_mod/Sphm03G126700.1/model_3_ptm_20211001_809623.pdb
andes176.olcf.ornl.gov,Worker-aec9703f-bda1-4f6b-a4f3-686ec4b2d4f0,1666123007.1585076,1666123007.2576504,/gpfs/alpine/bif135/world-shared/species/smagellanicum/af_mod/Sphm20G004700.1/model_2_ptm_20211001_120114.pdb_/gpfs/alpine/bif135/world-shared/species/smagellanicum/af_mod/Sphm07G021300.1/model_2_ptm_20211001_975803.pdb
andes176.olcf.ornl.gov,Worker-4d23817a-e4ad-4e25-aef8-ac029c0fbbde,1666123007.1289,1666123007.2579253,/gpfs/alpine/bif135/world-shared/species/smagellanicum/af_mod/Sphm04G008700.1/model_2_ptm_20211001_967514.pdb_/gpfs/alpine/bif135/world-shared/species/smagellanicum/af_mod/Sphm18G064200.1/model_5_ptm_20211001_473738.pdb
andes176.olcf.ornl.gov,Worker-456111c1-acb8-489b-afc8-505b043dda29,1666123007.1380017,1666123007.2591007,/gpfs/alpine/bif135/world-shared/species/smagellanicum/af_mod/Sphm11G074700.1/model_1_ptm_20211001_981646.pdb_/gpfs/alpine/bif135/world-shared/species/smagellanicum/af_mod/Sphm20G004700.1/model_2_ptm_20211001_120114.pdb
andes176.olcf.ornl.gov,Worker-ab564896-9695-4a0f-920c-f124f6a3e596,1666123007.1307368,1666123007.2616026,/gpfs/alpine/bif135/world-shared/species/smagellanicum/af_mod/Sphm11G074700.1/model_1_ptm_20211001_981646.pdb_/gpfs/alpine/bif135/world-shared/species/smagellanicum/af_mod/Sphm20G019500.1/model_5_ptm_20211001_627857.pdb
andes176.olcf.ornl.gov,Worker-728f931d-8bb6-4d1e-89ed-6a2d5e7aae3c,1666123007.176742,1666123007.2700493,/gpfs/alpine/bif135/world-shared/species/smagellanicum/af_mod/Sphm11G074700.1/model_1_ptm_20211001_981646.pdb_/gpfs/alpine/bif135/world-shared/species/smagellanicum/af_mod/Sphm05G131400.1/model_2_ptm_20211001_589071.pdb
andes176.olcf.ornl.gov,Worker-0fade233-7a7a-4289-822c-7feaec6b1e1e,1666123007.118489,1666123007.2731898,/gpfs/alpine/bif135/world-shared/species/smagellanicum/af_mod/Sphm12G016500.1/model_1_ptm_20211001_114880.pdb_/gpfs/alpine/bif135/world-shared/species/smagellanicum/af_mod/Sphm20G002800.1/model_1_ptm_20211001_113600.pdb
andes176.olcf.ornl.gov,Worker-4511f95e-0361-4365-82fe-063807afe23d,1666123007.1703835,1666123007.27525,/gpfs/alpine/bif135/world-shared/species/smagellanicum/af_mod/Sphm20G004700.1/model_2_ptm_20211001_120114.pdb_/gpfs/alpine/bif135/world-shared/species/smagellanicum/af_mod/Sphm20G004700.1/model_2_ptm_20211001_120114.pdb
andes176.olcf.ornl.gov,Worker-483dec33-2e3c-4e74-b761-de847e94db4b,1666123007.137404,1666123007.2781186,/gpfs/alpine/bif135/world-shared/species/smagellanicum/af_mod/Sphm20G002800.1/model_1_ptm_20211001_113600.pdb_/gpfs/alpine/bif135/world-shared/species/smagellanicum/af_mod/Sphm18G064200.1/model_5_ptm_20211001_473738.pdb
andes176.olcf.ornl.gov,Worker-f1a412fa-2ba4-4dc2-8228-86e13637b89b,1666123007.1677742,1666123007.2881093,/gpfs/alpine/bif135/world-shared/species/smagellanicum/af_mod/Sphm20G004700.1/model_2_ptm_20211001_120114.pdb_/gpfs/alpine/bif135/world-shared/species/smagellanicum/af_mod/Sphm03G126700.1/model_3_ptm_20211001_809623.pdb
andes176.olcf.ornl.gov,Worker-118dc0bc-3a07-402c-92e3-d5f8191f3b4e,1666123007.209759,1666123007.296823,/gpfs/alpine/bif135/world-shared/species/smagellanicum/af_mod/Sphm20G019500.1/model_5_ptm_20211001_627857.pdb_/gpfs/alpine/bif135/world-shared/species/smagellanicum/af_mod/Sphm20G004700.1/model_2_ptm_20211001_120114.pdb
andes176.olcf.ornl.gov,Worker-5407141b-db06-4131-a317-1edd467a24ad,1666123007.1336412,1666123007.296917,/gpfs/alpine/bif135/world-shared/species/smagellanicum/af_mod/Sphm14G085100.1/model_2_ptm_20211001_159260.pdb_/gpfs/alpine/bif135/world-shared/species/smagellanicum/af_mod/Sphm10G037400.1/model_1_ptm_20211001_832780.pdb
andes176.olcf.ornl.gov,Worker-12a1a8ba-f974-4af4-8434-e4b5f8c86557,1666123007.1969965,1666123007.3019946,/gpfs/alpine/bif135/world-shared/species/smagellanicum/af_mod/Sphm20G002800.1/model_1_ptm_20211001_113600.pdb_/gpfs/alpine/bif135/world-shared/species/smagellanicum/af_mod/Sphm04G008700.1/model_2_ptm_20211001_967514.pdb
andes176.olcf.ornl.gov,Worker-f97bd65a-880e-4286-a4c9-f32bffd32738,1666123007.1439478,1666123007.3053951,/gpfs/alpine/bif135/world-shared/species/smagellanicum/af_mod/Sphm10G037400.1/model_1_ptm_20211001_832780.pdb_/gpfs/alpine/bif135/world-shared/species/smagellanicum/af_mod/Sphm05G037300.1/model_1_ptm_20211001_682319.pdb
andes176.olcf.ornl.gov,Worker-4ca79dfb-6f6f-45fa-afa6-c917acb61cf6,1666123007.1362135,1666123007.3103654,/gpfs/alpine/bif135/world-shared/species/smagellanicum/af_mod/Sphm11G074700.1/model_1_ptm_20211001_981646.pdb_/gpfs/alpine/bif135/world-shared/species/smagellanicum/af_mod/Sphm02G139400.1/model_2_ptm_20211001_880826.pdb
andes176.olcf.ornl.gov,Worker-c0874b9e-520a-4180-97a2-ce4bf423585a,1666123007.2118318,1666123007.3147254,/gpfs/alpine/bif135/world-shared/species/smagellanicum/af_mod/Sphm20G004700.1/model_2_ptm_20211001_120114.pdb_/gpfs/alpine/bif135/world-shared/species/smagellanicum/af_mod/Sphm20G002800.1/model_1_ptm_20211001_113600.pdb
andes176.olcf.ornl.gov,Worker-3356266b-36b5-4ac1-b5f8-92a929528ef6,1666123007.1961558,1666123007.3188572,/gpfs/alpine/bif135/world-shared/species/smagellanicum/af_mod/Sphm20G002800.1/model_1_ptm_20211001_113600.pdb_/gpfs/alpine/bif135/world-shared/species/smagellanicum/af_mod/Sphm11G034700.1/model_2_ptm_20211001_410361.pdb
andes176.olcf.ornl.gov,Worker-4633ab34-59ec-48c1-a9d9-9cc71d9506fd,1666123007.2081137,1666123007.3272033,/gpfs/alpine/bif135/world-shared/species/smagellanicum/af_mod/Sphm04G074300.1/model_4_ptm_20211001_211147.pdb_/gpfs/alpine/bif135/world-shared/species/smagellanicum/af_mod/Sphm07G021300.1/model_2_ptm_20211001_975803.pdb
andes176.olcf.ornl.gov,Worker-f404d7a0-9e8c-46bd-be65-3808785c9740,1666123007.1468675,1666123007.328636,/gpfs/alpine/bif135/world-shared/species/smagellanicum/af_mod/Sphm02G139400.1/model_2_ptm_20211001_880826.pdb_/gpfs/alpine/bif135/world-shared/species/smagellanicum/af_mod/Sphm05G037300.1/model_1_ptm_20211001_682319.pdb
andes176.olcf.ornl.gov,Worker-646cf503-1edf-42e6-8de6-9319702f7da0,1666123007.2013383,1666123007.3293629,/gpfs/alpine/bif135/world-shared/species/smagellanicum/af_mod/Sphm07G021300.1/model_2_ptm_20211001_975803.pdb_/gpfs/alpine/bif135/world-shared/species/smagellanicum/af_mod/Sphm20G002800.1/model_1_ptm_20211001_113600.pdb
andes176.olcf.ornl.gov,Worker-b805c0a2-301d-4ff1-bf4a-c04954683c1d,1666123007.171507,1666123007.3320982,/gpfs/alpine/bif135/world-shared/species/smagellanicum/af_mod/Sphm11G074700.1/model_1_ptm_20211001_981646.pdb_/gpfs/alpine/bif135/world-shared/species/smagellanicum/af_mod/Sphm14G085100.1/model_2_ptm_20211001_159260.pdb
andes176.olcf.ornl.gov,Worker-02e15f40-e795-4da2-8ec0-d803b6f9d05d,1666123007.2133489,1666123007.3397143,/gpfs/alpine/bif135/world-shared/species/smagellanicum/af_mod/Sphm10G037400.1/model_1_ptm_20211001_832780.pdb_/gpfs/alpine/bif135/world-shared/species/smagellanicum/af_mod/Sphm20G004700.1/model_2_ptm_20211001_120114.pdb
andes176.olcf.ornl.gov,Worker-01fa4b84-6391-4ff1-848f-c68a37e44215,1666123007.1319244,1666123007.3406847,/gpfs/alpine/bif135/world-shared/species/smagellanicum/af_mod/Sphm10G037400.1/model_1_ptm_20211001_832780.pdb_/gpfs/alpine/bif135/world-shared/species/smagellanicum/af_mod/Sphm03G126700.1/model_3_ptm_20211001_809623.pdb
andes176.olcf.ornl.gov,Worker-a5e8db90-5183-4459-a711-f53308e0fb13,1666123007.188833,1666123007.3469622,/gpfs/alpine/bif135/world-shared/species/smagellanicum/af_mod/Sphm20G004700.1/model_2_ptm_20211001_120114.pdb_/gpfs/alpine/bif135/world-shared/species/smagellanicum/af_mod/Sphm05G037300.1/model_1_ptm_20211001_682319.pdb
andes176.olcf.ornl.gov,Worker-08c49340-199a-4794-8318-be4441197397,1666123007.1746638,1666123007.347073,/gpfs/alpine/bif135/world-shared/species/smagellanicum/af_mod/Sphm07G021300.1/model_2_ptm_20211001_975803.pdb_/gpfs/alpine/bif135/world-shared/species/smagellanicum/af_mod/Sphm03G126700.1/model_3_ptm_20211001_809623.pdb
andes176.olcf.ornl.gov,Worker-5b54b499-2fb4-4535-970e-6ac5f5491f8b,1666123007.217425,1666123007.3472133,/gpfs/alpine/bif135/world-shared/species/smagellanicum/af_mod/Sphm04G008700.1/model_2_ptm_20211001_967514.pdb_/gpfs/alpine/bif135/world-shared/species/smagellanicum/af_mod/Sphm05G037300.1/model_1_ptm_20211001_682319.pdb
andes176.olcf.ornl.gov,Worker-aec9703f-bda1-4f6b-a4f3-686ec4b2d4f0,1666123007.2586484,1666123007.3502066,/gpfs/alpine/bif135/world-shared/species/smagellanicum/af_mod/Sphm05G131400.1/model_2_ptm_20211001_589071.pdb_/gpfs/alpine/bif135/world-shared/species/smagellanicum/af_mod/Sphm07G021300.1/model_2_ptm_20211001_975803.pdb
andes176.olcf.ornl.gov,Worker-6984ebf0-d8f8-47ce-a67e-a04faa4de99e,1666123007.241193,1666123007.3519309,/gpfs/alpine/bif135/world-shared/species/smagellanicum/af_mod/Sphm11G034700.1/model_2_ptm_20211001_410361.pdb_/gpfs/alpine/bif135/world-shared/species/smagellanicum/af_mod/Sphm10G037400.1/model_1_ptm_20211001_832780.pdb
andes176.olcf.ornl.gov,Worker-e9527562-38af-4ce5-92cf-6d914d43b5f3,1666123007.1984892,1666123007.361536,/gpfs/alpine/bif135/world-shared/species/smagellanicum/af_mod/Sphm12G016500.1/model_1_ptm_20211001_114880.pdb_/gpfs/alpine/bif135/world-shared/species/smagellanicum/af_mod/Sphm03G126700.1/model_3_ptm_20211001_809623.pdb
andes176.olcf.ornl.gov,Worker-65051215-113e-4451-a9d0-7fb4eaa139ac,1666123007.2335348,1666123007.3660002,/gpfs/alpine/bif135/world-shared/species/smagellanicum/af_mod/Sphm04G008700.1/model_2_ptm_20211001_967514.pdb_/gpfs/alpine/bif135/world-shared/species/smagellanicum/af_mod/Sphm12G016500.1/model_1_ptm_20211001_114880.pdb
andes176.olcf.ornl.gov,Worker-5172df60-aec8-4cc1-bc10-a7da36c5bb58,1666123007.2539449,1666123007.3789527,/gpfs/alpine/bif135/world-shared/species/smagellanicum/af_mod/Sphm04G074300.1/model_4_ptm_20211001_211147.pdb_/gpfs/alpine/bif135/world-shared/species/smagellanicum/af_mod/Sphm10G037400.1/model_1_ptm_20211001_832780.pdb
andes176.olcf.ornl.gov,Worker-78b8800e-9f91-4cd6-b6a5-05475f5bb159,1666123007.225676,1666123007.3794065,/gpfs/alpine/bif135/world-shared/species/smagellanicum/af_mod/Sphm12G016500.1/model_1_ptm_20211001_114880.pdb_/gpfs/alpine/bif135/world-shared/species/smagellanicum/af_mod/Sphm10G037400.1/model_1_ptm_20211001_832780.pdb
andes176.olcf.ornl.gov,Worker-118dc0bc-3a07-402c-92e3-d5f8191f3b4e,1666123007.2977562,1666123007.3832407,/gpfs/alpine/bif135/world-shared/species/smagellanicum/af_mod/Sphm20G019500.1/model_5_ptm_20211001_627857.pdb_/gpfs/alpine/bif135/world-shared/species/smagellanicum/af_mod/Sphm20G019500.1/model_5_ptm_20211001_627857.pdb
andes176.olcf.ornl.gov,Worker-2f6540fe-7ef9-427e-94e4-8fd3f0f9f901,1666123007.198788,1666123007.3837686,/gpfs/alpine/bif135/world-shared/species/smagellanicum/af_mod/Sphm11G074700.1/model_1_ptm_20211001_981646.pdb_/gpfs/alpine/bif135/world-shared/species/smagellanicum/af_mod/Sphm05G037300.1/model_1_ptm_20211001_682319.pdb
andes176.olcf.ornl.gov,Worker-4d23817a-e4ad-4e25-aef8-ac029c0fbbde,1666123007.2591102,1666123007.3842757,/gpfs/alpine/bif135/world-shared/species/smagellanicum/af_mod/Sphm04G008700.1/model_2_ptm_20211001_967514.pdb_/gpfs/alpine/bif135/world-shared/species/smagellanicum/af_mod/Sphm02G139400.1/model_2_ptm_20211001_880826.pdb
andes176.olcf.ornl.gov,Worker-8f04f0fe-c94d-43d5-8975-0038f743ba83,1666123007.2291481,1666123007.393754,/gpfs/alpine/bif135/world-shared/species/smagellanicum/af_mod/Sphm20G002800.1/model_1_ptm_20211001_113600.pdb_/gpfs/alpine/bif135/world-shared/species/smagellanicum/af_mod/Sphm12G016500.1/model_1_ptm_20211001_114880.pdb
andes176.olcf.ornl.gov,Worker-4511f95e-0361-4365-82fe-063807afe23d,1666123007.27649,1666123007.3971822,/gpfs/alpine/bif135/world-shared/species/smagellanicum/af_mod/Sphm11G034700.1/model_2_ptm_20211001_410361.pdb_/gpfs/alpine/bif135/world-shared/species/smagellanicum/af_mod/Sphm11G074700.1/model_1_ptm_20211001_981646.pdb
andes176.olcf.ornl.gov,Worker-483dec33-2e3c-4e74-b761-de847e94db4b,1666123007.279179,1666123007.4075289,/gpfs/alpine/bif135/world-shared/species/smagellanicum/af_mod/Sphm04G008700.1/model_2_ptm_20211001_967514.pdb_/gpfs/alpine/bif135/world-shared/species/smagellanicum/af_mod/Sphm14G085100.1/model_2_ptm_20211001_159260.pdb
andes176.olcf.ornl.gov,Worker-728f931d-8bb6-4d1e-89ed-6a2d5e7aae3c,1666123007.2710662,1666123007.4119773,/gpfs/alpine/bif135/world-shared/species/smagellanicum/af_mod/Sphm04G074300.1/model_4_ptm_20211001_211147.pdb_/gpfs/alpine/bif135/world-shared/species/smagellanicum/af_mod/Sphm12G016500.1/model_1_ptm_20211001_114880.pdb
andes176.olcf.ornl.gov,Worker-f97bd65a-880e-4286-a4c9-f32bffd32738,1666123007.306409,1666123007.413274,/gpfs/alpine/bif135/world-shared/species/smagellanicum/af_mod/Sphm07G021300.1/model_2_ptm_20211001_975803.pdb_/gpfs/alpine/bif135/world-shared/species/smagellanicum/af_mod/Sphm05G131400.1/model_2_ptm_20211001_589071.pdb
andes176.olcf.ornl.gov,Worker-12a1a8ba-f974-4af4-8434-e4b5f8c86557,1666123007.303135,1666123007.4149497,/gpfs/alpine/bif135/world-shared/species/smagellanicum/af_mod/Sphm10G037400.1/model_1_ptm_20211001_832780.pdb_/gpfs/alpine/bif135/world-shared/species/smagellanicum/af_mod/Sphm11G034700.1/model_2_ptm_20211001_410361.pdb
andes176.olcf.ornl.gov,Worker-5407141b-db06-4131-a317-1edd467a24ad,1666123007.2981222,1666123007.4174957,/gpfs/alpine/bif135/world-shared/species/smagellanicum/af_mod/Sphm11G034700.1/model_2_ptm_20211001_410361.pdb_/gpfs/alpine/bif135/world-shared/species/smagellanicum/af_mod/Sphm20G002800.1/model_1_ptm_20211001_113600.pdb
andes176.olcf.ornl.gov,Worker-456111c1-acb8-489b-afc8-505b043dda29,1666123007.2602026,1666123007.4213839,/gpfs/alpine/bif135/world-shared/species/smagellanicum/af_mod/Sphm04G074300.1/model_4_ptm_20211001_211147.pdb_/gpfs/alpine/bif135/world-shared/species/smagellanicum/af_mod/Sphm18G064200.1/model_5_ptm_20211001_473738.pdb
andes176.olcf.ornl.gov,Worker-c0874b9e-520a-4180-97a2-ce4bf423585a,1666123007.315845,1666123007.4260721,/gpfs/alpine/bif135/world-shared/species/smagellanicum/af_mod/Sphm05G131400.1/model_2_ptm_20211001_589071.pdb_/gpfs/alpine/bif135/world-shared/species/smagellanicum/af_mod/Sphm02G139400.1/model_2_ptm_20211001_880826.pdb
andes176.olcf.ornl.gov,Worker-ab564896-9695-4a0f-920c-f124f6a3e596,1666123007.2625346,1666123007.4305732,/gpfs/alpine/bif135/world-shared/species/smagellanicum/af_mod/Sphm04G074300.1/model_4_ptm_20211001_211147.pdb_/gpfs/alpine/bif135/world-shared/species/smagellanicum/af_mod/Sphm05G037300.1/model_1_ptm_20211001_682319.pdb
andes176.olcf.ornl.gov,Worker-0fade233-7a7a-4289-822c-7feaec6b1e1e,1666123007.2741792,1666123007.4347303,/gpfs/alpine/bif135/world-shared/species/smagellanicum/af_mod/Sphm07G021300.1/model_2_ptm_20211001_975803.pdb_/gpfs/alpine/bif135/world-shared/species/smagellanicum/af_mod/Sphm11G074700.1/model_1_ptm_20211001_981646.pdb
andes176.olcf.ornl.gov,Worker-f1a412fa-2ba4-4dc2-8228-86e13637b89b,1666123007.2893524,1666123007.4352455,/gpfs/alpine/bif135/world-shared/species/smagellanicum/af_mod/Sphm20G004700.1/model_2_ptm_20211001_120114.pdb_/gpfs/alpine/bif135/world-shared/species/smagellanicum/af_mod/Sphm02G139400.1/model_2_ptm_20211001_880826.pdb
andes176.olcf.ornl.gov,Worker-4ca79dfb-6f6f-45fa-afa6-c917acb61cf6,1666123007.31151,1666123007.4357123,/gpfs/alpine/bif135/world-shared/species/smagellanicum/af_mod/Sphm04G074300.1/model_4_ptm_20211001_211147.pdb_/gpfs/alpine/bif135/world-shared/species/smagellanicum/af_mod/Sphm20G004700.1/model_2_ptm_20211001_120114.pdb
andes176.olcf.ornl.gov,Worker-646cf503-1edf-42e6-8de6-9319702f7da0,1666123007.330593,1666123007.4384155,/gpfs/alpine/bif135/world-shared/species/smagellanicum/af_mod/Sphm04G008700.1/model_2_ptm_20211001_967514.pdb_/gpfs/alpine/bif135/world-shared/species/smagellanicum/af_mod/Sphm07G021300.1/model_2_ptm_20211001_975803.pdb
andes176.olcf.ornl.gov,Worker-5b54b499-2fb4-4535-970e-6ac5f5491f8b,1666123007.3485453,1666123007.4471903,/gpfs/alpine/bif135/world-shared/species/smagellanicum/af_mod/Sphm04G008700.1/model_2_ptm_20211001_967514.pdb_/gpfs/alpine/bif135/world-shared/species/smagellanicum/af_mod/Sphm20G019500.1/model_5_ptm_20211001_627857.pdb
andes176.olcf.ornl.gov,Worker-aec9703f-bda1-4f6b-a4f3-686ec4b2d4f0,1666123007.3513482,1666123007.4513001,/gpfs/alpine/bif135/world-shared/species/smagellanicum/af_mod/Sphm05G131400.1/model_2_ptm_20211001_589071.pdb_/gpfs/alpine/bif135/world-shared/species/smagellanicum/af_mod/Sphm20G019500.1/model_5_ptm_20211001_627857.pdb
andes176.olcf.ornl.gov,Worker-3356266b-36b5-4ac1-b5f8-92a929528ef6,1666123007.3201866,1666123007.4523911,/gpfs/alpine/bif135/world-shared/species/smagellanicum/af_mod/Sphm07G021300.1/model_2_ptm_20211001_975803.pdb_/gpfs/alpine/bif135/world-shared/species/smagellanicum/af_mod/Sphm10G037400.1/model_1_ptm_20211001_832780.pdb
andes176.olcf.ornl.gov,Worker-08c49340-199a-4794-8318-be4441197397,1666123007.3480642,1666123007.4566908,/gpfs/alpine/bif135/world-shared/species/smagellanicum/af_mod/Sphm20G004700.1/model_2_ptm_20211001_120114.pdb_/gpfs/alpine/bif135/world-shared/species/smagellanicum/af_mod/Sphm04G008700.1/model_2_ptm_20211001_967514.pdb
andes176.olcf.ornl.gov,Worker-4633ab34-59ec-48c1-a9d9-9cc71d9506fd,1666123007.328264,1666123007.456759,/gpfs/alpine/bif135/world-shared/species/smagellanicum/af_mod/Sphm11G034700.1/model_2_ptm_20211001_410361.pdb_/gpfs/alpine/bif135/world-shared/species/smagellanicum/af_mod/Sphm03G126700.1/model_3_ptm_20211001_809623.pdb
andes176.olcf.ornl.gov,Worker-a5e8db90-5183-4459-a711-f53308e0fb13,1666123007.348082,1666123007.4631398,/gpfs/alpine/bif135/world-shared/species/smagellanicum/af_mod/Sphm20G019500.1/model_5_ptm_20211001_627857.pdb_/gpfs/alpine/bif135/world-shared/species/smagellanicum/af_mod/Sphm14G085100.1/model_2_ptm_20211001_159260.pdb
andes176.olcf.ornl.gov,Worker-02e15f40-e795-4da2-8ec0-d803b6f9d05d,1666123007.3409371,1666123007.4713223,/gpfs/alpine/bif135/world-shared/species/smagellanicum/af_mod/Sphm07G021300.1/model_2_ptm_20211001_975803.pdb_/gpfs/alpine/bif135/world-shared/species/smagellanicum/af_mod/Sphm04G074300.1/model_4_ptm_20211001_211147.pdb
andes176.olcf.ornl.gov,Worker-01fa4b84-6391-4ff1-848f-c68a37e44215,1666123007.3418128,1666123007.4823017,/gpfs/alpine/bif135/world-shared/species/smagellanicum/af_mod/Sphm11G074700.1/model_1_ptm_20211001_981646.pdb_/gpfs/alpine/bif135/world-shared/species/smagellanicum/af_mod/Sphm04G074300.1/model_4_ptm_20211001_211147.pdb
andes176.olcf.ornl.gov,Worker-2f6540fe-7ef9-427e-94e4-8fd3f0f9f901,1666123007.384848,1666123007.489268,/gpfs/alpine/bif135/world-shared/species/smagellanicum/af_mod/Sphm11G034700.1/model_2_ptm_20211001_410361.pdb_/gpfs/alpine/bif135/world-shared/species/smagellanicum/af_mod/Sphm05G131400.1/model_2_ptm_20211001_589071.pdb
andes176.olcf.ornl.gov,Worker-e9527562-38af-4ce5-92cf-6d914d43b5f3,1666123007.3624609,1666123007.4904504,/gpfs/alpine/bif135/world-shared/species/smagellanicum/af_mod/Sphm04G074300.1/model_4_ptm_20211001_211147.pdb_/gpfs/alpine/bif135/world-shared/species/smagellanicum/af_mod/Sphm20G002800.1/model_1_ptm_20211001_113600.pdb
andes176.olcf.ornl.gov,Worker-5172df60-aec8-4cc1-bc10-a7da36c5bb58,1666123007.3800783,1666123007.4931595,/gpfs/alpine/bif135/world-shared/species/smagellanicum/af_mod/Sphm07G021300.1/model_2_ptm_20211001_975803.pdb_/gpfs/alpine/bif135/world-shared/species/smagellanicum/af_mod/Sphm11G034700.1/model_2_ptm_20211001_410361.pdb
andes176.olcf.ornl.gov,Worker-78b8800e-9f91-4cd6-b6a5-05475f5bb159,1666123007.380665,1666123007.4934247,/gpfs/alpine/bif135/world-shared/species/smagellanicum/af_mod/Sphm20G004700.1/model_2_ptm_20211001_120114.pdb_/gpfs/alpine/bif135/world-shared/species/smagellanicum/af_mod/Sphm11G034700.1/model_2_ptm_20211001_410361.pdb
andes176.olcf.ornl.gov,Worker-65051215-113e-4451-a9d0-7fb4eaa139ac,1666123007.3672128,1666123007.4973893,/gpfs/alpine/bif135/world-shared/species/smagellanicum/af_mod/Sphm04G008700.1/model_2_ptm_20211001_967514.pdb_/gpfs/alpine/bif135/world-shared/species/smagellanicum/af_mod/Sphm10G037400.1/model_1_ptm_20211001_832780.pdb
andes176.olcf.ornl.gov,Worker-4511f95e-0361-4365-82fe-063807afe23d,1666123007.3982406,1666123007.502035,/gpfs/alpine/bif135/world-shared/species/smagellanicum/af_mod/Sphm20G019500.1/model_5_ptm_20211001_627857.pdb_/gpfs/alpine/bif135/world-shared/species/smagellanicum/af_mod/Sphm10G037400.1/model_1_ptm_20211001_832780.pdb
andes176.olcf.ornl.gov,Worker-483dec33-2e3c-4e74-b761-de847e94db4b,1666123007.4087088,1666123007.504719,/gpfs/alpine/bif135/world-shared/species/smagellanicum/af_mod/Sphm04G008700.1/model_2_ptm_20211001_967514.pdb_/gpfs/alpine/bif135/world-shared/species/smagellanicum/af_mod/Sphm05G131400.1/model_2_ptm_20211001_589071.pdb
andes176.olcf.ornl.gov,Worker-728f931d-8bb6-4d1e-89ed-6a2d5e7aae3c,1666123007.4130185,1666123007.5049286,/gpfs/alpine/bif135/world-shared/species/smagellanicum/af_mod/Sphm07G021300.1/model_2_ptm_20211001_975803.pdb_/gpfs/alpine/bif135/world-shared/species/smagellanicum/af_mod/Sphm20G019500.1/model_5_ptm_20211001_627857.pdb
andes176.olcf.ornl.gov,Worker-118dc0bc-3a07-402c-92e3-d5f8191f3b4e,1666123007.3847704,1666123007.5083697,/gpfs/alpine/bif135/world-shared/species/smagellanicum/af_mod/Sphm10G037400.1/model_1_ptm_20211001_832780.pdb_/gpfs/alpine/bif135/world-shared/species/smagellanicum/af_mod/Sphm20G002800.1/model_1_ptm_20211001_113600.pdb
andes176.olcf.ornl.gov,Worker-f404d7a0-9e8c-46bd-be65-3808785c9740,1666123007.3297684,1666123007.5175939,/gpfs/alpine/bif135/world-shared/species/smagellanicum/af_mod/Sphm04G074300.1/model_4_ptm_20211001_211147.pdb_/gpfs/alpine/bif135/world-shared/species/smagellanicum/af_mod/Sphm14G085100.1/model_2_ptm_20211001_159260.pdb
andes176.olcf.ornl.gov,Worker-6984ebf0-d8f8-47ce-a67e-a04faa4de99e,1666123007.353095,1666123007.5177805,/gpfs/alpine/bif135/world-shared/species/smagellanicum/af_mod/Sphm04G008700.1/model_2_ptm_20211001_967514.pdb_/gpfs/alpine/bif135/world-shared/species/smagellanicum/af_mod/Sphm11G074700.1/model_1_ptm_20211001_981646.pdb
andes176.olcf.ornl.gov,Worker-4d23817a-e4ad-4e25-aef8-ac029c0fbbde,1666123007.3853512,1666123007.5215085,/gpfs/alpine/bif135/world-shared/species/smagellanicum/af_mod/Sphm05G131400.1/model_2_ptm_20211001_589071.pdb_/gpfs/alpine/bif135/world-shared/species/smagellanicum/af_mod/Sphm11G074700.1/model_1_ptm_20211001_981646.pdb
andes176.olcf.ornl.gov,Worker-5407141b-db06-4131-a317-1edd467a24ad,1666123007.4185297,1666123007.524118,/gpfs/alpine/bif135/world-shared/species/smagellanicum/af_mod/Sphm11G034700.1/model_2_ptm_20211001_410361.pdb_/gpfs/alpine/bif135/world-shared/species/smagellanicum/af_mod/Sphm11G034700.1/model_2_ptm_20211001_410361.pdb
andes176.olcf.ornl.gov,Worker-b805c0a2-301d-4ff1-bf4a-c04954683c1d,1666123007.3330278,1666123007.5279586,/gpfs/alpine/bif135/world-shared/species/smagellanicum/af_mod/Sphm11G074700.1/model_1_ptm_20211001_981646.pdb_/gpfs/alpine/bif135/world-shared/species/smagellanicum/af_mod/Sphm12G016500.1/model_1_ptm_20211001_114880.pdb
andes176.olcf.ornl.gov,Worker-456111c1-acb8-489b-afc8-505b043dda29,1666123007.422568,1666123007.5331304,/gpfs/alpine/bif135/world-shared/species/smagellanicum/af_mod/Sphm07G021300.1/model_2_ptm_20211001_975803.pdb_/gpfs/alpine/bif135/world-shared/species/smagellanicum/af_mod/Sphm04G008700.1/model_2_ptm_20211001_967514.pdb
andes176.olcf.ornl.gov,Worker-12a1a8ba-f974-4af4-8434-e4b5f8c86557,1666123007.4159536,1666123007.546843,/gpfs/alpine/bif135/world-shared/species/smagellanicum/af_mod/Sphm07G021300.1/model_2_ptm_20211001_975803.pdb_/gpfs/alpine/bif135/world-shared/species/smagellanicum/af_mod/Sphm14G085100.1/model_2_ptm_20211001_159260.pdb
andes176.olcf.ornl.gov,Worker-c0874b9e-520a-4180-97a2-ce4bf423585a,1666123007.4271421,1666123007.5492427,/gpfs/alpine/bif135/world-shared/species/smagellanicum/af_mod/Sphm20G019500.1/model_5_ptm_20211001_627857.pdb_/gpfs/alpine/bif135/world-shared/species/smagellanicum/af_mod/Sphm18G064200.1/model_5_ptm_20211001_473738.pdb
andes176.olcf.ornl.gov,Worker-0fade233-7a7a-4289-822c-7feaec6b1e1e,1666123007.4357328,1666123007.5494382,/gpfs/alpine/bif135/world-shared/species/smagellanicum/af_mod/Sphm04G008700.1/model_2_ptm_20211001_967514.pdb_/gpfs/alpine/bif135/world-shared/species/smagellanicum/af_mod/Sphm11G034700.1/model_2_ptm_20211001_410361.pdb
andes176.olcf.ornl.gov,Worker-646cf503-1edf-42e6-8de6-9319702f7da0,1666123007.4398801,1666123007.5499356,/gpfs/alpine/bif135/world-shared/species/smagellanicum/af_mod/Sphm20G019500.1/model_5_ptm_20211001_627857.pdb_/gpfs/alpine/bif135/world-shared/species/smagellanicum/af_mod/Sphm11G074700.1/model_1_ptm_20211001_981646.pdb
andes176.olcf.ornl.gov,Worker-8f04f0fe-c94d-43d5-8975-0038f743ba83,1666123007.394725,1666123007.5527258,/gpfs/alpine/bif135/world-shared/species/smagellanicum/af_mod/Sphm20G002800.1/model_1_ptm_20211001_113600.pdb_/gpfs/alpine/bif135/world-shared/species/smagellanicum/af_mod/Sphm20G002800.1/model_1_ptm_20211001_113600.pdb
andes176.olcf.ornl.gov,Worker-f97bd65a-880e-4286-a4c9-f32bffd32738,1666123007.4145126,1666123007.5542843,/gpfs/alpine/bif135/world-shared/species/smagellanicum/af_mod/Sphm05G131400.1/model_2_ptm_20211001_589071.pdb_/gpfs/alpine/bif135/world-shared/species/smagellanicum/af_mod/Sphm03G126700.1/model_3_ptm_20211001_809623.pdb
andes176.olcf.ornl.gov,Worker-5b54b499-2fb4-4535-970e-6ac5f5491f8b,1666123007.4484408,1666123007.5612128,/gpfs/alpine/bif135/world-shared/species/smagellanicum/af_mod/Sphm05G131400.1/model_2_ptm_20211001_589071.pdb_/gpfs/alpine/bif135/world-shared/species/smagellanicum/af_mod/Sphm11G034700.1/model_2_ptm_20211001_410361.pdb
andes176.olcf.ornl.gov,Worker-aec9703f-bda1-4f6b-a4f3-686ec4b2d4f0,1666123007.4539495,1666123007.5614343,/gpfs/alpine/bif135/world-shared/species/smagellanicum/af_mod/Sphm04G074300.1/model_4_ptm_20211001_211147.pdb_/gpfs/alpine/bif135/world-shared/species/smagellanicum/af_mod/Sphm20G019500.1/model_5_ptm_20211001_627857.pdb
andes176.olcf.ornl.gov,Worker-08c49340-199a-4794-8318-be4441197397,1666123007.457772,1666123007.563392,/gpfs/alpine/bif135/world-shared/species/smagellanicum/af_mod/Sphm11G034700.1/model_2_ptm_20211001_410361.pdb_/gpfs/alpine/bif135/world-shared/species/smagellanicum/af_mod/Sphm07G021300.1/model_2_ptm_20211001_975803.pdb
andes176.olcf.ornl.gov,Worker-ab564896-9695-4a0f-920c-f124f6a3e596,1666123007.4317617,1666123007.566138,/gpfs/alpine/bif135/world-shared/species/smagellanicum/af_mod/Sphm05G131400.1/model_2_ptm_20211001_589071.pdb_/gpfs/alpine/bif135/world-shared/species/smagellanicum/af_mod/Sphm18G064200.1/model_5_ptm_20211001_473738.pdb
andes176.olcf.ornl.gov,Worker-02e15f40-e795-4da2-8ec0-d803b6f9d05d,1666123007.472322,1666123007.5676658,/gpfs/alpine/bif135/world-shared/species/smagellanicum/af_mod/Sphm05G131400.1/model_2_ptm_20211001_589071.pdb_/gpfs/alpine/bif135/world-shared/species/smagellanicum/af_mod/Sphm05G131400.1/model_2_ptm_20211001_589071.pdb
andes176.olcf.ornl.gov,Worker-4633ab34-59ec-48c1-a9d9-9cc71d9506fd,1666123007.4578402,1666123007.5722744,/gpfs/alpine/bif135/world-shared/species/smagellanicum/af_mod/Sphm04G008700.1/model_2_ptm_20211001_967514.pdb_/gpfs/alpine/bif135/world-shared/species/smagellanicum/af_mod/Sphm20G002800.1/model_1_ptm_20211001_113600.pdb
andes176.olcf.ornl.gov,Worker-a5e8db90-5183-4459-a711-f53308e0fb13,1666123007.464204,1666123007.5858335,/gpfs/alpine/bif135/world-shared/species/smagellanicum/af_mod/Sphm20G019500.1/model_5_ptm_20211001_627857.pdb_/gpfs/alpine/bif135/world-shared/species/smagellanicum/af_mod/Sphm05G131400.1/model_2_ptm_20211001_589071.pdb
andes176.olcf.ornl.gov,Worker-f1a412fa-2ba4-4dc2-8228-86e13637b89b,1666123007.436361,1666123007.5884092,/gpfs/alpine/bif135/world-shared/species/smagellanicum/af_mod/Sphm11G034700.1/model_2_ptm_20211001_410361.pdb_/gpfs/alpine/bif135/world-shared/species/smagellanicum/af_mod/Sphm05G037300.1/model_1_ptm_20211001_682319.pdb
andes176.olcf.ornl.gov,Worker-2f6540fe-7ef9-427e-94e4-8fd3f0f9f901,1666123007.4905672,1666123007.5916057,/gpfs/alpine/bif135/world-shared/species/smagellanicum/af_mod/Sphm20G019500.1/model_5_ptm_20211001_627857.pdb_/gpfs/alpine/bif135/world-shared/species/smagellanicum/af_mod/Sphm11G034700.1/model_2_ptm_20211001_410361.pdb
andes176.olcf.ornl.gov,Worker-65051215-113e-4451-a9d0-7fb4eaa139ac,1666123007.4985719,1666123007.601356,/gpfs/alpine/bif135/world-shared/species/smagellanicum/af_mod/Sphm20G019500.1/model_5_ptm_20211001_627857.pdb_/gpfs/alpine/bif135/world-shared/species/smagellanicum/af_mod/Sphm12G016500.1/model_1_ptm_20211001_114880.pdb
andes176.olcf.ornl.gov,Worker-4ca79dfb-6f6f-45fa-afa6-c917acb61cf6,1666123007.4369547,1666123007.6042855,/gpfs/alpine/bif135/world-shared/species/smagellanicum/af_mod/Sphm07G021300.1/model_2_ptm_20211001_975803.pdb_/gpfs/alpine/bif135/world-shared/species/smagellanicum/af_mod/Sphm05G037300.1/model_1_ptm_20211001_682319.pdb
andes176.olcf.ornl.gov,Worker-78b8800e-9f91-4cd6-b6a5-05475f5bb159,1666123007.4944212,1666123007.6047075,/gpfs/alpine/bif135/world-shared/species/smagellanicum/af_mod/Sphm04G008700.1/model_2_ptm_20211001_967514.pdb_/gpfs/alpine/bif135/world-shared/species/smagellanicum/af_mod/Sphm04G074300.1/model_4_ptm_20211001_211147.pdb
andes176.olcf.ornl.gov,Worker-483dec33-2e3c-4e74-b761-de847e94db4b,1666123007.5056946,1666123007.6059053,/gpfs/alpine/bif135/world-shared/species/smagellanicum/af_mod/Sphm20G019500.1/model_5_ptm_20211001_627857.pdb_/gpfs/alpine/bif135/world-shared/species/smagellanicum/af_mod/Sphm04G074300.1/model_4_ptm_20211001_211147.pdb
andes176.olcf.ornl.gov,Worker-01fa4b84-6391-4ff1-848f-c68a37e44215,1666123007.4831967,1666123007.6099358,/gpfs/alpine/bif135/world-shared/species/smagellanicum/af_mod/Sphm04G074300.1/model_4_ptm_20211001_211147.pdb_/gpfs/alpine/bif135/world-shared/species/smagellanicum/af_mod/Sphm04G074300.1/model_4_ptm_20211001_211147.pdb
andes176.olcf.ornl.gov,Worker-4d23817a-e4ad-4e25-aef8-ac029c0fbbde,1666123007.5226917,1666123007.6141176,/gpfs/alpine/bif135/world-shared/species/smagellanicum/af_mod/Sphm20G019500.1/model_5_ptm_20211001_627857.pdb_/gpfs/alpine/bif135/world-shared/species/smagellanicum/af_mod/Sphm04G008700.1/model_2_ptm_20211001_967514.pdb
andes176.olcf.ornl.gov,Worker-6984ebf0-d8f8-47ce-a67e-a04faa4de99e,1666123007.5190046,1666123007.6142254,/gpfs/alpine/bif135/world-shared/species/smagellanicum/af_mod/Sphm20G019500.1/model_5_ptm_20211001_627857.pdb_/gpfs/alpine/bif135/world-shared/species/smagellanicum/af_mod/Sphm20G002800.1/model_1_ptm_20211001_113600.pdb
andes176.olcf.ornl.gov,Worker-3356266b-36b5-4ac1-b5f8-92a929528ef6,1666123007.453397,1666123007.6164658,/gpfs/alpine/bif135/world-shared/species/smagellanicum/af_mod/Sphm20G004700.1/model_2_ptm_20211001_120114.pdb_/gpfs/alpine/bif135/world-shared/species/smagellanicum/af_mod/Sphm18G064200.1/model_5_ptm_20211001_473738.pdb
andes176.olcf.ornl.gov,Worker-728f931d-8bb6-4d1e-89ed-6a2d5e7aae3c,1666123007.505803,1666123007.6199,/gpfs/alpine/bif135/world-shared/species/smagellanicum/af_mod/Sphm04G008700.1/model_2_ptm_20211001_967514.pdb_/gpfs/alpine/bif135/world-shared/species/smagellanicum/af_mod/Sphm03G126700.1/model_3_ptm_20211001_809623.pdb
andes176.olcf.ornl.gov,Worker-5407141b-db06-4131-a317-1edd467a24ad,1666123007.525058,1666123007.6212947,/gpfs/alpine/bif135/world-shared/species/smagellanicum/af_mod/Sphm20G019500.1/model_5_ptm_20211001_627857.pdb_/gpfs/alpine/bif135/world-shared/species/smagellanicum/af_mod/Sphm02G139400.1/model_2_ptm_20211001_880826.pdb
andes176.olcf.ornl.gov,Worker-e9527562-38af-4ce5-92cf-6d914d43b5f3,1666123007.491609,1666123007.6232235,/gpfs/alpine/bif135/world-shared/species/smagellanicum/af_mod/Sphm11G034700.1/model_2_ptm_20211001_410361.pdb_/gpfs/alpine/bif135/world-shared/species/smagellanicum/af_mod/Sphm14G085100.1/model_2_ptm_20211001_159260.pdb
andes176.olcf.ornl.gov,Worker-456111c1-acb8-489b-afc8-505b043dda29,1666123007.5348792,1666123007.6254597,/gpfs/alpine/bif135/world-shared/species/smagellanicum/af_mod/Sphm11G034700.1/model_2_ptm_20211001_410361.pdb_/gpfs/alpine/bif135/world-shared/species/smagellanicum/af_mod/Sphm20G019500.1/model_5_ptm_20211001_627857.pdb
andes176.olcf.ornl.gov,Worker-b805c0a2-301d-4ff1-bf4a-c04954683c1d,1666123007.5289361,1666123007.6298192,/gpfs/alpine/bif135/world-shared/species/smagellanicum/af_mod/Sphm05G131400.1/model_2_ptm_20211001_589071.pdb_/gpfs/alpine/bif135/world-shared/species/smagellanicum/af_mod/Sphm04G074300.1/model_4_ptm_20211001_211147.pdb
andes176.olcf.ornl.gov,Worker-5172df60-aec8-4cc1-bc10-a7da36c5bb58,1666123007.4941494,1666123007.6375113,/gpfs/alpine/bif135/world-shared/species/smagellanicum/af_mod/Sphm20G004700.1/model_2_ptm_20211001_120114.pdb_/gpfs/alpine/bif135/world-shared/species/smagellanicum/af_mod/Sphm14G085100.1/model_2_ptm_20211001_159260.pdb
andes176.olcf.ornl.gov,Worker-8f04f0fe-c94d-43d5-8975-0038f743ba83,1666123007.5548847,1666123007.6407197,/gpfs/alpine/bif135/world-shared/species/smagellanicum/af_mod/Sphm20G004700.1/model_2_ptm_20211001_120114.pdb_/gpfs/alpine/bif135/world-shared/species/smagellanicum/af_mod/Sphm20G019500.1/model_5_ptm_20211001_627857.pdb
andes176.olcf.ornl.gov,Worker-c0874b9e-520a-4180-97a2-ce4bf423585a,1666123007.550146,1666123007.641938,/gpfs/alpine/bif135/world-shared/species/smagellanicum/af_mod/Sphm11G034700.1/model_2_ptm_20211001_410361.pdb_/gpfs/alpine/bif135/world-shared/species/smagellanicum/af_mod/Sphm04G008700.1/model_2_ptm_20211001_967514.pdb
andes176.olcf.ornl.gov,Worker-118dc0bc-3a07-402c-92e3-d5f8191f3b4e,1666123007.5095472,1666123007.6463692,/gpfs/alpine/bif135/world-shared/species/smagellanicum/af_mod/Sphm11G074700.1/model_1_ptm_20211001_981646.pdb_/gpfs/alpine/bif135/world-shared/species/smagellanicum/af_mod/Sphm03G126700.1/model_3_ptm_20211001_809623.pdb
andes176.olcf.ornl.gov,Worker-f404d7a0-9e8c-46bd-be65-3808785c9740,1666123007.5192397,1666123007.6467354,/gpfs/alpine/bif135/world-shared/species/smagellanicum/af_mod/Sphm07G021300.1/model_2_ptm_20211001_975803.pdb_/gpfs/alpine/bif135/world-shared/species/smagellanicum/af_mod/Sphm12G016500.1/model_1_ptm_20211001_114880.pdb
andes176.olcf.ornl.gov,Worker-f97bd65a-880e-4286-a4c9-f32bffd32738,1666123007.5553844,1666123007.647136,/gpfs/alpine/bif135/world-shared/species/smagellanicum/af_mod/Sphm05G131400.1/model_2_ptm_20211001_589071.pdb_/gpfs/alpine/bif135/world-shared/species/smagellanicum/af_mod/Sphm20G004700.1/model_2_ptm_20211001_120114.pdb
andes176.olcf.ornl.gov,Worker-ab564896-9695-4a0f-920c-f124f6a3e596,1666123007.5671751,1666123007.648285,/gpfs/alpine/bif135/world-shared/species/smagellanicum/af_mod/Sphm05G131400.1/model_2_ptm_20211001_589071.pdb_/gpfs/alpine/bif135/world-shared/species/smagellanicum/af_mod/Sphm04G008700.1/model_2_ptm_20211001_967514.pdb
andes176.olcf.ornl.gov,Worker-5b54b499-2fb4-4535-970e-6ac5f5491f8b,1666123007.5621386,1666123007.6495519,/gpfs/alpine/bif135/world-shared/species/smagellanicum/af_mod/Sphm20G019500.1/model_5_ptm_20211001_627857.pdb_/gpfs/alpine/bif135/world-shared/species/smagellanicum/af_mod/Sphm03G126700.1/model_3_ptm_20211001_809623.pdb
andes176.olcf.ornl.gov,Worker-0fade233-7a7a-4289-822c-7feaec6b1e1e,1666123007.5505536,1666123007.6513655,/gpfs/alpine/bif135/world-shared/species/smagellanicum/af_mod/Sphm05G131400.1/model_2_ptm_20211001_589071.pdb_/gpfs/alpine/bif135/world-shared/species/smagellanicum/af_mod/Sphm20G002800.1/model_1_ptm_20211001_113600.pdb
andes176.olcf.ornl.gov,Worker-12a1a8ba-f974-4af4-8434-e4b5f8c86557,1666123007.5480645,1666123007.6557925,/gpfs/alpine/bif135/world-shared/species/smagellanicum/af_mod/Sphm05G131400.1/model_2_ptm_20211001_589071.pdb_/gpfs/alpine/bif135/world-shared/species/smagellanicum/af_mod/Sphm05G037300.1/model_1_ptm_20211001_682319.pdb
andes176.olcf.ornl.gov,Worker-646cf503-1edf-42e6-8de6-9319702f7da0,1666123007.550922,1666123007.6573184,/gpfs/alpine/bif135/world-shared/species/smagellanicum/af_mod/Sphm11G074700.1/model_1_ptm_20211001_981646.pdb_/gpfs/alpine/bif135/world-shared/species/smagellanicum/af_mod/Sphm20G002800.1/model_1_ptm_20211001_113600.pdb
andes176.olcf.ornl.gov,Worker-4ca79dfb-6f6f-45fa-afa6-c917acb61cf6,1666123007.6053522,1666123007.675998,/gpfs/alpine/bif135/world-shared/species/smagellanicum/af_mod/Sphm20G004700.1/model_2_ptm_20211001_120114.pdb_/gpfs/alpine/bif135/world-shared/species/smagellanicum/af_mod/Sphm05G131400.1/model_2_ptm_20211001_589071.pdb
andes176.olcf.ornl.gov,Worker-f1a412fa-2ba4-4dc2-8228-86e13637b89b,1666123007.5895174,1666123007.6760852,/gpfs/alpine/bif135/world-shared/species/smagellanicum/af_mod/Sphm11G034700.1/model_2_ptm_20211001_410361.pdb_/gpfs/alpine/bif135/world-shared/species/smagellanicum/af_mod/Sphm20G004700.1/model_2_ptm_20211001_120114.pdb
